[14:57:49.351] [main/INFO] [Launcher/MODLAUNCHER]: ModLauncher running: args [--launchTarget, forgeserver, --fml.neoForgeVersion, 21.1.233, --fml.fmlVersion, 4.0.42, --fml.mcVersion, 1.21.1, --fml.neoFormVersion, 20240808.144430, nogui] 
[14:57:49.365] [main/INFO] [Launcher/MODLAUNCHER]: JVM identified as Eclipse Adoptium OpenJDK 64-Bit Server VM 21.0.11+10-LTS 
[14:57:49.372] [main/INFO] [Launcher/MODLAUNCHER]: ModLauncher 11.0.5+main.901c6ea8 starting: java version 21.0.11 by Eclipse Adoptium; OS Windows 11 arch amd64 version 10.0 
[14:57:50.772] [main/INFO] [loading.ImmediateWindowHandler/]: ImmediateWindowProvider not loading because launch target is forgeserver 
[14:57:51.026] [main/INFO] [mixin/]: SpongePowered MIXIN Subsystem Version=0.8.7 Source=union:/C:/Users/Windows/Documents/Codex/2026-07-10/goa/tmp/vvh-server-work-final4-20260808/server/libraries/net/fabricmc/sponge-mixin/0.15.2+mixin.0.8.7/sponge-mixin-0.15.2+mixin.0.8.7.jar%2373!/ Service=ModLauncher Env=SERVER 
[14:57:51.705] [main/INFO] [loading.moddiscovery.ModDiscoverer/SCAN]: Found mod file "server-1.21.1-20240808.144430-srg.jar" [locator: production server provider +net.neoforged:neoforge:21.1.233:server] 
[14:57:51.760] [main/INFO] [loading.moddiscovery.ModDiscoverer/SCAN]: Found mod file "neoforge-21.1.233-universal.jar" [locator: PathBasedLocator[name=neoforge, paths=[libraries\net\neoforged\neoforge\21.1.233\neoforge-21.1.233-universal.jar]], reader: mod manifest] 
[14:57:51.769] [main/INFO] [loading.moddiscovery.ModDiscoverer/SCAN]: Found library file "~nonexistent" [locator: org.sinytra.connector.locator.ConnectorEarlyLocatorBootstrap@4bf3798b] 
[14:57:51.802] [main/INFO] [loading.moddiscovery.ModDiscoverer/SCAN]: Found mod file "accessories-neoforge-1.1.0-beta.53+1.21.1.jar" [locator: {mods folder locator at C:\Users\Windows\Documents\Codex\2026-07-10\goa\tmp\vvh-server-work-final4-20260808\server\mods}, reader: mod manifest] 
[14:57:51.823] [main/INFO] [loading.moddiscovery.ModDiscoverer/SCAN]: Found mod file "aces_spell_utils-1.2.7.1-1.21.1.jar" [locator: {mods folder locator at C:\Users\Windows\Documents\Codex\2026-07-10\goa\tmp\vvh-server-work-final4-20260808\server\mods}, reader: mod manifest] 
[14:57:51.840] [main/INFO] [loading.moddiscovery.ModDiscoverer/SCAN]: Found mod file "aeroworks-1.2.11.jar" [locator: {mods folder locator at C:\Users\Windows\Documents\Codex\2026-07-10\goa\tmp\vvh-server-work-final4-20260808\server\mods}, reader: mod manifest] 
[14:57:51.856] [main/INFO] [loading.moddiscovery.ModDiscoverer/SCAN]: Found mod file "amendments-neoforge-1.21-2.1.7.jar" [locator: {mods folder locator at C:\Users\Windows\Documents\Codex\2026-07-10\goa\tmp\vvh-server-work-final4-20260808\server\mods}, reader: mod manifest] 
[14:57:51.869] [main/INFO] [loading.moddiscovery.ModDiscoverer/SCAN]: Found mod file "arcaneessenceblock-1.0.1-neoforge-1.21.1.jar" [locator: {mods folder locator at C:\Users\Windows\Documents\Codex\2026-07-10\goa\tmp\vvh-server-work-final4-20260808\server\mods}, reader: mod manifest] 
[14:57:51.889] [main/INFO] [loading.moddiscovery.ModDiscoverer/SCAN]: Found mod file "architectury-13.0.8-neoforge.jar" [locator: {mods folder locator at C:\Users\Windows\Documents\Codex\2026-07-10\goa\tmp\vvh-server-work-final4-20260808\server\mods}, reader: mod manifest] 
[14:57:51.900] [main/INFO] [loading.moddiscovery.ModDiscoverer/SCAN]: Found mod file "Atlas-Lib-1.21.0-1.1.14.jar" [locator: {mods folder locator at C:\Users\Windows\Documents\Codex\2026-07-10\goa\tmp\vvh-server-work-final4-20260808\server\mods}, reader: mod manifest] 
[14:57:51.913] [main/INFO] [loading.moddiscovery.ModDiscoverer/SCAN]: Found mod file "azurelib-neo-1.21.1-3.1.11.jar" [locator: {mods folder locator at C:\Users\Windows\Documents\Codex\2026-07-10\goa\tmp\vvh-server-work-final4-20260808\server\mods}, reader: mod manifest] 
[14:57:51.932] [main/INFO] [loading.moddiscovery.ModDiscoverer/SCAN]: Found mod file "bellsandwhistles-0.4.7-1.21.1.jar" [locator: {mods folder locator at C:\Users\Windows\Documents\Codex\2026-07-10\goa\tmp\vvh-server-work-final4-20260808\server\mods}, reader: mod manifest] 
[14:57:51.951] [main/INFO] [loading.moddiscovery.ModDiscoverer/SCAN]: Found mod file "block_factorys_bosses-2.1.2-neo-1.21.1.jar" [locator: {mods folder locator at C:\Users\Windows\Documents\Codex\2026-07-10\goa\tmp\vvh-server-work-final4-20260808\server\mods}, reader: mod manifest] 
[14:57:51.964] [main/INFO] [loading.moddiscovery.ModDiscoverer/SCAN]: Found mod file "burnt_basic-1.10.3.7-neoforge-1.21.1.jar" [locator: {mods folder locator at C:\Users\Windows\Documents\Codex\2026-07-10\goa\tmp\vvh-server-work-final4-20260808\server\mods}, reader: mod manifest] 
[14:57:51.977] [main/INFO] [loading.moddiscovery.ModDiscoverer/SCAN]: Found mod file "caelus-neoforge-7.0.1+1.21.1.jar" [locator: {mods folder locator at C:\Users\Windows\Documents\Codex\2026-07-10\goa\tmp\vvh-server-work-final4-20260808\server\mods}, reader: mod manifest] 
[14:57:51.990] [main/INFO] [loading.moddiscovery.ModDiscoverer/SCAN]: Found mod file "carryon-neoforge-1.21.1-2.2.4.4.jar" [locator: {mods folder locator at C:\Users\Windows\Documents\Codex\2026-07-10\goa\tmp\vvh-server-work-final4-20260808\server\mods}, reader: mod manifest] 
[14:57:52.009] [main/INFO] [loading.moddiscovery.ModDiscoverer/SCAN]: Found mod file "cataclysm_spellbooks-1.1.12-1.21.jar" [locator: {mods folder locator at C:\Users\Windows\Documents\Codex\2026-07-10\goa\tmp\vvh-server-work-final4-20260808\server\mods}, reader: mod manifest] 
[14:57:52.025] [main/INFO] [loading.moddiscovery.ModDiscoverer/SCAN]: Found mod file "cbc_compact_mount-1.2.2.jar" [locator: {mods folder locator at C:\Users\Windows\Documents\Codex\2026-07-10\goa\tmp\vvh-server-work-final4-20260808\server\mods}, reader: mod manifest] 
[14:57:52.039] [main/INFO] [loading.moddiscovery.ModDiscoverer/SCAN]: Found mod file "cc-tweaked-1.21.1-forge-1.120.0.jar" [locator: {mods folder locator at C:\Users\Windows\Documents\Codex\2026-07-10\goa\tmp\vvh-server-work-final4-20260808\server\mods}, reader: mod manifest] 
[14:57:52.051] [main/INFO] [loading.moddiscovery.ModDiscoverer/SCAN]: Found mod file "cc_sable-neoforge-1.3.4.jar" [locator: {mods folder locator at C:\Users\Windows\Documents\Codex\2026-07-10\goa\tmp\vvh-server-work-final4-20260808\server\mods}, reader: mod manifest] 
[14:57:52.113] [main/INFO] [loading.moddiscovery.ModDiscoverer/SCAN]: Found mod file "chipped-neoforge-1.21.1-4.0.2.jar" [locator: {mods folder locator at C:\Users\Windows\Documents\Codex\2026-07-10\goa\tmp\vvh-server-work-final4-20260808\server\mods}, reader: mod manifest] 
[14:57:52.143] [main/INFO] [loading.moddiscovery.ModDiscoverer/SCAN]: Found mod file "Chunky-NeoForge-1.4.23.jar" [locator: {mods folder locator at C:\Users\Windows\Documents\Codex\2026-07-10\goa\tmp\vvh-server-work-final4-20260808\server\mods}, reader: mod manifest] 
[14:57:52.155] [main/INFO] [loading.moddiscovery.ModDiscoverer/SCAN]: Found mod file "ChunkyBorder-1.2.18.jar" [locator: {mods folder locator at C:\Users\Windows\Documents\Codex\2026-07-10\goa\tmp\vvh-server-work-final4-20260808\server\mods}, reader: mod manifest] 
[14:57:52.167] [main/INFO] [loading.moddiscovery.ModDiscoverer/SCAN]: Found mod file "cloth-config-15.0.140-neoforge.jar" [locator: {mods folder locator at C:\Users\Windows\Documents\Codex\2026-07-10\goa\tmp\vvh-server-work-final4-20260808\server\mods}, reader: mod manifest] 
[14:57:52.178] [main/INFO] [loading.moddiscovery.ModDiscoverer/SCAN]: Found mod file "collective-1.21.1-8.29.jar" [locator: {mods folder locator at C:\Users\Windows\Documents\Codex\2026-07-10\goa\tmp\vvh-server-work-final4-20260808\server\mods}, reader: mod manifest] 
[14:57:52.195] [main/INFO] [loading.moddiscovery.ModDiscoverer/SCAN]: Found mod file "common-networking-neoforge-1.0.21-1.21.1.jar" [locator: {mods folder locator at C:\Users\Windows\Documents\Codex\2026-07-10\goa\tmp\vvh-server-work-final4-20260808\server\mods}, reader: mod manifest] 
[14:57:52.206] [main/INFO] [loading.moddiscovery.ModDiscoverer/SCAN]: Found mod file "configurable-3.5.1+1.21.1-neoforge.jar" [locator: {mods folder locator at C:\Users\Windows\Documents\Codex\2026-07-10\goa\tmp\vvh-server-work-final4-20260808\server\mods}, reader: mod manifest] 
[14:57:52.217] [main/INFO] [loading.moddiscovery.ModDiscoverer/SCAN]: Found mod file "copycats-3.0.4+mc.1.21.1-neoforge.jar" [locator: {mods folder locator at C:\Users\Windows\Documents\Codex\2026-07-10\goa\tmp\vvh-server-work-final4-20260808\server\mods}, reader: mod manifest] 
[14:57:52.245] [main/INFO] [loading.moddiscovery.ModDiscoverer/SCAN]: Found mod file "create-1.21.1-6.0.10.jar" [locator: {mods folder locator at C:\Users\Windows\Documents\Codex\2026-07-10\goa\tmp\vvh-server-work-final4-20260808\server\mods}, reader: mod manifest] 
[14:57:52.260] [main/INFO] [loading.moddiscovery.ModDiscoverer/SCAN]: Found mod file "create-aeronautics-bundled-1.21.1-1.3.0.jar" [locator: {mods folder locator at C:\Users\Windows\Documents\Codex\2026-07-10\goa\tmp\vvh-server-work-final4-20260808\server\mods}, reader: mod manifest] 
[14:57:52.283] [main/INFO] [loading.moddiscovery.ModDiscoverer/SCAN]: Found mod file "create-central-kitchen-2.5.0.jar" [locator: {mods folder locator at C:\Users\Windows\Documents\Codex\2026-07-10\goa\tmp\vvh-server-work-final4-20260808\server\mods}, reader: mod manifest] 
[14:57:52.298] [main/INFO] [loading.moddiscovery.ModDiscoverer/SCAN]: Found mod file "create-enchantment-industry-2.5.0-preview-alpha1.jar" [locator: {mods folder locator at C:\Users\Windows\Documents\Codex\2026-07-10\goa\tmp\vvh-server-work-final4-20260808\server\mods}, reader: mod manifest] 
[14:57:52.312] [main/INFO] [loading.moddiscovery.ModDiscoverer/SCAN]: Found mod file "create_aeronautics_transmission_linkage-0.2.5.jar" [locator: {mods folder locator at C:\Users\Windows\Documents\Codex\2026-07-10\goa\tmp\vvh-server-work-final4-20260808\server\mods}, reader: mod manifest] 
[14:57:52.323] [main/INFO] [loading.moddiscovery.ModDiscoverer/SCAN]: Found mod file "create_avionics-neoforge-1.21.1-0.5.1.jar" [locator: {mods folder locator at C:\Users\Windows\Documents\Codex\2026-07-10\goa\tmp\vvh-server-work-final4-20260808\server\mods}, reader: mod manifest] 
[14:57:52.332] [main/INFO] [loading.moddiscovery.ModDiscoverer/SCAN]: Found mod file "create_cardan_shafts-0.1.6.jar" [locator: {mods folder locator at C:\Users\Windows\Documents\Codex\2026-07-10\goa\tmp\vvh-server-work-final4-20260808\server\mods}, reader: mod manifest] 
[14:57:52.346] [main/INFO] [loading.moddiscovery.ModDiscoverer/SCAN]: Found mod file "createbigcannons-5.11.7+mc.1.21.1.jar" [locator: {mods folder locator at C:\Users\Windows\Documents\Codex\2026-07-10\goa\tmp\vvh-server-work-final4-20260808\server\mods}, reader: mod manifest] 
[14:57:52.369] [main/INFO] [loading.moddiscovery.ModDiscoverer/SCAN]: Found mod file "createdeco-2.1.3.jar" [locator: {mods folder locator at C:\Users\Windows\Documents\Codex\2026-07-10\goa\tmp\vvh-server-work-final4-20260808\server\mods}, reader: mod manifest] 
[14:57:52.381] [main/INFO] [loading.moddiscovery.ModDiscoverer/SCAN]: Found mod file "CreateDragonsPlus-1.11.2b.jar" [locator: {mods folder locator at C:\Users\Windows\Documents\Codex\2026-07-10\goa\tmp\vvh-server-work-final4-20260808\server\mods}, reader: mod manifest] 
[14:57:52.390] [main/INFO] [loading.moddiscovery.ModDiscoverer/SCAN]: Found mod file "CreateNumismatics-1.0.20+neoforge-mc1.21.1.jar" [locator: {mods folder locator at C:\Users\Windows\Documents\Codex\2026-07-10\goa\tmp\vvh-server-work-final4-20260808\server\mods}, reader: mod manifest] 
[14:57:52.404] [main/INFO] [loading.moddiscovery.ModDiscoverer/SCAN]: Found mod file "createpropulsion-1.1.4.jar" [locator: {mods folder locator at C:\Users\Windows\Documents\Codex\2026-07-10\goa\tmp\vvh-server-work-final4-20260808\server\mods}, reader: mod manifest] 
[14:57:52.416] [main/INFO] [loading.moddiscovery.ModDiscoverer/SCAN]: Found mod file "cultofazazelneo-killfix.jar" [locator: {mods folder locator at C:\Users\Windows\Documents\Codex\2026-07-10\goa\tmp\vvh-server-work-final4-20260808\server\mods}, reader: mod manifest] 
[14:57:52.424] [main/INFO] [loading.moddiscovery.ModDiscoverer/SCAN]: Found mod file "curios-neoforge-9.5.1+1.21.1.jar" [locator: {mods folder locator at C:\Users\Windows\Documents\Codex\2026-07-10\goa\tmp\vvh-server-work-final4-20260808\server\mods}, reader: mod manifest] 
[14:57:52.433] [main/INFO] [loading.moddiscovery.ModDiscoverer/SCAN]: Found mod file "Data_Anchor-neoforge-1.21.1-2.0.0.13.jar" [locator: {mods folder locator at C:\Users\Windows\Documents\Codex\2026-07-10\goa\tmp\vvh-server-work-final4-20260808\server\mods}, reader: mod manifest] 
[14:57:52.451] [main/INFO] [loading.moddiscovery.ModDiscoverer/SCAN]: Found mod file "DistantHorizons-3.2.0-b-1.21.1-fabric-neoforge.jar" [locator: {mods folder locator at C:\Users\Windows\Documents\Codex\2026-07-10\goa\tmp\vvh-server-work-final4-20260808\server\mods}, reader: mod manifest] 
[14:57:52.464] [main/INFO] [loading.moddiscovery.ModDiscoverer/SCAN]: Found mod file "do_a_barrel_roll-neoforge-3.7.3+1.21.jar" [locator: {mods folder locator at C:\Users\Windows\Documents\Codex\2026-07-10\goa\tmp\vvh-server-work-final4-20260808\server\mods}, reader: mod manifest] 
[14:57:52.478] [main/INFO] [loading.moddiscovery.ModDiscoverer/SCAN]: Found mod file "doubleslabs-neoforge-1.21.1-0.4.0.jar" [locator: {mods folder locator at C:\Users\Windows\Documents\Codex\2026-07-10\goa\tmp\vvh-server-work-final4-20260808\server\mods}, reader: mod manifest] 
[14:57:52.490] [main/INFO] [loading.moddiscovery.ModDiscoverer/SCAN]: Found mod file "drivebywire-0.2.9.jar" [locator: {mods folder locator at C:\Users\Windows\Documents\Codex\2026-07-10\goa\tmp\vvh-server-work-final4-20260808\server\mods}, reader: mod manifest] 
[14:57:52.502] [main/INFO] [loading.moddiscovery.ModDiscoverer/SCAN]: Found mod file "enchanting-infuser-add-treasure-enchantements-1.jar" [locator: {mods folder locator at C:\Users\Windows\Documents\Codex\2026-07-10\goa\tmp\vvh-server-work-final4-20260808\server\mods}, reader: mod manifest] 
[14:57:52.510] [main/INFO] [loading.moddiscovery.ModDiscoverer/SCAN]: Found mod file "EnchantingInfuser-v21.1.4-1.21.1-NeoForge.jar" [locator: {mods folder locator at C:\Users\Windows\Documents\Codex\2026-07-10\goa\tmp\vvh-server-work-final4-20260808\server\mods}, reader: mod manifest] 
[14:57:52.520] [main/INFO] [loading.moddiscovery.ModDiscoverer/SCAN]: Found mod file "escalated-1.3.1-mc.1.21.1.jar" [locator: {mods folder locator at C:\Users\Windows\Documents\Codex\2026-07-10\goa\tmp\vvh-server-work-final4-20260808\server\mods}, reader: mod manifest] 
[14:57:52.529] [main/INFO] [loading.moddiscovery.ModDiscoverer/SCAN]: Found mod file "ExplorersCompass-1.21.1-3.4.0-neoforge.jar" [locator: {mods folder locator at C:\Users\Windows\Documents\Codex\2026-07-10\goa\tmp\vvh-server-work-final4-20260808\server\mods}, reader: mod manifest] 
[14:57:52.543] [main/INFO] [loading.moddiscovery.ModDiscoverer/SCAN]: Found mod file "exposure-neoforge-1.21.1-1.9.18.jar" [locator: {mods folder locator at C:\Users\Windows\Documents\Codex\2026-07-10\goa\tmp\vvh-server-work-final4-20260808\server\mods}, reader: mod manifest] 
[14:57:52.555] [main/INFO] [loading.moddiscovery.ModDiscoverer/SCAN]: Found mod file "FarmersDelight-1.21.1-1.3.2.jar" [locator: {mods folder locator at C:\Users\Windows\Documents\Codex\2026-07-10\goa\tmp\vvh-server-work-final4-20260808\server\mods}, reader: mod manifest] 
[14:57:52.586] [main/INFO] [loading.moddiscovery.ModDiscoverer/SCAN]: Found mod file "ferritecore-7.0.3-neoforge.jar" [locator: {mods folder locator at C:\Users\Windows\Documents\Codex\2026-07-10\goa\tmp\vvh-server-work-final4-20260808\server\mods}, reader: mod manifest] 
[14:57:52.603] [main/INFO] [loading.moddiscovery.ModDiscoverer/SCAN]: Found mod file "FluxNetworks-1.21.1-8.0.0.jar" [locator: {mods folder locator at C:\Users\Windows\Documents\Codex\2026-07-10\goa\tmp\vvh-server-work-final4-20260808\server\mods}, reader: mod manifest] 
[14:57:52.611] [main/INFO] [loading.moddiscovery.ModDiscoverer/SCAN]: Found mod file "forgified-fabric-api-0.116.7+2.2.4+1.21.1.jar" [locator: {mods folder locator at C:\Users\Windows\Documents\Codex\2026-07-10\goa\tmp\vvh-server-work-final4-20260808\server\mods}, reader: mod manifest] 
[14:57:52.620] [main/INFO] [loading.moddiscovery.ModDiscoverer/SCAN]: Found mod file "fragmentum-neoforge-1.21.1-2.2.4.jar" [locator: {mods folder locator at C:\Users\Windows\Documents\Codex\2026-07-10\goa\tmp\vvh-server-work-final4-20260808\server\mods}, reader: mod manifest] 
[14:57:52.631] [main/INFO] [loading.moddiscovery.ModDiscoverer/SCAN]: Found mod file "ftb-chunks-neoforge-2101.1.19.jar" [locator: {mods folder locator at C:\Users\Windows\Documents\Codex\2026-07-10\goa\tmp\vvh-server-work-final4-20260808\server\mods}, reader: mod manifest] 
[14:57:52.639] [main/INFO] [loading.moddiscovery.ModDiscoverer/SCAN]: Found mod file "ftb-essentials-neoforge-2101.1.9.jar" [locator: {mods folder locator at C:\Users\Windows\Documents\Codex\2026-07-10\goa\tmp\vvh-server-work-final4-20260808\server\mods}, reader: mod manifest] 
[14:57:52.648] [main/INFO] [loading.moddiscovery.ModDiscoverer/SCAN]: Found mod file "ftb-library-neoforge-2101.1.32.jar" [locator: {mods folder locator at C:\Users\Windows\Documents\Codex\2026-07-10\goa\tmp\vvh-server-work-final4-20260808\server\mods}, reader: mod manifest] 
[14:57:52.658] [main/INFO] [loading.moddiscovery.ModDiscoverer/SCAN]: Found mod file "ftb-quests-neoforge-2101.1.27.jar" [locator: {mods folder locator at C:\Users\Windows\Documents\Codex\2026-07-10\goa\tmp\vvh-server-work-final4-20260808\server\mods}, reader: mod manifest] 
[14:57:52.668] [main/INFO] [loading.moddiscovery.ModDiscoverer/SCAN]: Found mod file "ftb-teams-neoforge-2101.1.10.jar" [locator: {mods folder locator at C:\Users\Windows\Documents\Codex\2026-07-10\goa\tmp\vvh-server-work-final4-20260808\server\mods}, reader: mod manifest] 
[14:57:52.677] [main/INFO] [loading.moddiscovery.ModDiscoverer/SCAN]: Found mod file "ftb-ultimine-neoforge-2101.1.15.jar" [locator: {mods folder locator at C:\Users\Windows\Documents\Codex\2026-07-10\goa\tmp\vvh-server-work-final4-20260808\server\mods}, reader: mod manifest] 
[14:57:52.685] [main/INFO] [loading.moddiscovery.ModDiscoverer/SCAN]: Found mod file "ftbxaerocompat-neoforge-1.1.4.jar" [locator: {mods folder locator at C:\Users\Windows\Documents\Codex\2026-07-10\goa\tmp\vvh-server-work-final4-20260808\server\mods}, reader: mod manifest] 
[14:57:52.693] [main/INFO] [loading.moddiscovery.ModDiscoverer/SCAN]: Found mod file "geckolib-neoforge-1.21.1-4.8.4.jar" [locator: {mods folder locator at C:\Users\Windows\Documents\Codex\2026-07-10\goa\tmp\vvh-server-work-final4-20260808\server\mods}, reader: mod manifest] 
[14:57:52.701] [main/INFO] [loading.moddiscovery.ModDiscoverer/SCAN]: Found mod file "globalpacks-neoforge-1.21.1-21.0.6.jar" [locator: {mods folder locator at C:\Users\Windows\Documents\Codex\2026-07-10\goa\tmp\vvh-server-work-final4-20260808\server\mods}, reader: mod manifest] 
[14:57:52.711] [main/INFO] [loading.moddiscovery.ModDiscoverer/SCAN]: Found mod file "godly_vampirism-1.21.1-1.10.0.jar" [locator: {mods folder locator at C:\Users\Windows\Documents\Codex\2026-07-10\goa\tmp\vvh-server-work-final4-20260808\server\mods}, reader: mod manifest] 
[14:57:52.722] [main/INFO] [loading.moddiscovery.ModDiscoverer/SCAN]: Found mod file "Guide-API-VP-1.21.1-2.3.0.jar" [locator: {mods folder locator at C:\Users\Windows\Documents\Codex\2026-07-10\goa\tmp\vvh-server-work-final4-20260808\server\mods}, reader: mod manifest] 
[14:57:52.737] [main/INFO] [loading.moddiscovery.ModDiscoverer/SCAN]: Found mod file "guideme-21.1.16.jar" [locator: {mods folder locator at C:\Users\Windows\Documents\Codex\2026-07-10\goa\tmp\vvh-server-work-final4-20260808\server\mods}, reader: mod manifest] 
[14:57:52.756] [main/INFO] [loading.moddiscovery.ModDiscoverer/SCAN]: Found mod file "handcrafted-neoforge-1.21.1-4.0.3.jar" [locator: {mods folder locator at C:\Users\Windows\Documents\Codex\2026-07-10\goa\tmp\vvh-server-work-final4-20260808\server\mods}, reader: mod manifest] 
[14:57:52.770] [main/INFO] [loading.moddiscovery.ModDiscoverer/SCAN]: Found mod file "Icarus-NeoForge-4.7.6.jar" [locator: {mods folder locator at C:\Users\Windows\Documents\Codex\2026-07-10\goa\tmp\vvh-server-work-final4-20260808\server\mods}, reader: mod manifest] 
[14:57:52.779] [main/INFO] [loading.moddiscovery.ModDiscoverer/SCAN]: Found mod file "immersive_furniture-neoforge-0.2.2+1.21.1.jar" [locator: {mods folder locator at C:\Users\Windows\Documents\Codex\2026-07-10\goa\tmp\vvh-server-work-final4-20260808\server\mods}, reader: mod manifest] 
[14:57:52.790] [main/INFO] [loading.moddiscovery.ModDiscoverer/SCAN]: Found mod file "infinitetrading-1.21.1-5.0.jar" [locator: {mods folder locator at C:\Users\Windows\Documents\Codex\2026-07-10\goa\tmp\vvh-server-work-final4-20260808\server\mods}, reader: mod manifest] 
[14:57:52.802] [main/INFO] [loading.moddiscovery.ModDiscoverer/SCAN]: Found mod file "interiors-1.21.1-neoforge-0.6.1.jar" [locator: {mods folder locator at C:\Users\Windows\Documents\Codex\2026-07-10\goa\tmp\vvh-server-work-final4-20260808\server\mods}, reader: mod manifest] 
[14:57:52.811] [main/INFO] [loading.moddiscovery.ModDiscoverer/SCAN]: Found mod file "irons_lib-1.21.1-2.1.0.jar" [locator: {mods folder locator at C:\Users\Windows\Documents\Codex\2026-07-10\goa\tmp\vvh-server-work-final4-20260808\server\mods}, reader: mod manifest] 
[14:57:52.826] [main/INFO] [loading.moddiscovery.ModDiscoverer/SCAN]: Found mod file "irons_spellbooks-1.21.1-3.16.2.jar" [locator: {mods folder locator at C:\Users\Windows\Documents\Codex\2026-07-10\goa\tmp\vvh-server-work-final4-20260808\server\mods}, reader: mod manifest] 
[14:57:52.834] [main/INFO] [loading.moddiscovery.ModDiscoverer/SCAN]: Found mod file "Jade-1.21.1-NeoForge-15.10.5.jar" [locator: {mods folder locator at C:\Users\Windows\Documents\Codex\2026-07-10\goa\tmp\vvh-server-work-final4-20260808\server\mods}, reader: mod manifest] 
[14:57:52.841] [main/INFO] [loading.moddiscovery.ModDiscoverer/SCAN]: Found mod file "JadeAddons-1.21.1-NeoForge-6.1.0.jar" [locator: {mods folder locator at C:\Users\Windows\Documents\Codex\2026-07-10\goa\tmp\vvh-server-work-final4-20260808\server\mods}, reader: mod manifest] 
[14:57:52.849] [main/INFO] [loading.moddiscovery.ModDiscoverer/SCAN]: Found mod file "jei-1.21.1-neoforge-19.39.0.371.jar" [locator: {mods folder locator at C:\Users\Windows\Documents\Codex\2026-07-10\goa\tmp\vvh-server-work-final4-20260808\server\mods}, reader: mod manifest] 
[14:57:52.856] [main/INFO] [loading.moddiscovery.ModDiscoverer/SCAN]: Found library file "kotlinforforge-5.11.0-all.jar" [locator: {mods folder locator at C:\Users\Windows\Documents\Codex\2026-07-10\goa\tmp\vvh-server-work-final4-20260808\server\mods}, reader: mod manifest] 
[14:57:52.866] [main/INFO] [loading.moddiscovery.ModDiscoverer/SCAN]: Found mod file "kubejs-neoforge-2101.7.2-build.368.jar" [locator: {mods folder locator at C:\Users\Windows\Documents\Codex\2026-07-10\goa\tmp\vvh-server-work-final4-20260808\server\mods}, reader: mod manifest] 
[14:57:52.881] [main/INFO] [loading.moddiscovery.ModDiscoverer/SCAN]: Found mod file "L_Ender's Cataclysm 1.21.1-3.32.jar" [locator: {mods folder locator at C:\Users\Windows\Documents\Codex\2026-07-10\goa\tmp\vvh-server-work-final4-20260808\server\mods}, reader: mod manifest] 
[14:57:52.890] [main/INFO] [loading.moddiscovery.ModDiscoverer/SCAN]: Found mod file "lionfishapi-3.1.jar" [locator: {mods folder locator at C:\Users\Windows\Documents\Codex\2026-07-10\goa\tmp\vvh-server-work-final4-20260808\server\mods}, reader: mod manifest] 
[14:57:52.900] [main/INFO] [loading.moddiscovery.ModDiscoverer/SCAN]: Found mod file "lithium-neoforge-0.15.3+mc1.21.1.jar" [locator: {mods folder locator at C:\Users\Windows\Documents\Codex\2026-07-10\goa\tmp\vvh-server-work-final4-20260808\server\mods}, reader: mod manifest] 
[14:57:52.909] [main/INFO] [loading.moddiscovery.ModDiscoverer/SCAN]: Found mod file "lootr-neoforge-1.21.1-1.11.37.120.jar" [locator: {mods folder locator at C:\Users\Windows\Documents\Codex\2026-07-10\goa\tmp\vvh-server-work-final4-20260808\server\mods}, reader: mod manifest] 
[14:57:52.921] [main/INFO] [loading.moddiscovery.ModDiscoverer/SCAN]: Found mod file "LostTrinkets-21.1.4-mc1.21.1-neoforge.jar" [locator: {mods folder locator at C:\Users\Windows\Documents\Codex\2026-07-10\goa\tmp\vvh-server-work-final4-20260808\server\mods}, reader: mod manifest] 
[14:57:52.928] [main/INFO] [loading.moddiscovery.ModDiscoverer/SCAN]: Found mod file "mannequins-3.0.0-rc.1.jar" [locator: {mods folder locator at C:\Users\Windows\Documents\Codex\2026-07-10\goa\tmp\vvh-server-work-final4-20260808\server\mods}, reader: mod manifest] 
[14:57:52.943] [main/INFO] [loading.moddiscovery.ModDiscoverer/SCAN]: Found mod file "mca-neoforge-7.7.28+1.21.1.jar" [locator: {mods folder locator at C:\Users\Windows\Documents\Codex\2026-07-10\goa\tmp\vvh-server-work-final4-20260808\server\mods}, reader: mod manifest] 
[14:57:52.950] [main/INFO] [loading.moddiscovery.ModDiscoverer/SCAN]: Found mod file "mcacapitals-1.1.0.jar" [locator: {mods folder locator at C:\Users\Windows\Documents\Codex\2026-07-10\goa\tmp\vvh-server-work-final4-20260808\server\mods}, reader: mod manifest] 
[14:57:52.968] [main/INFO] [loading.moddiscovery.ModDiscoverer/SCAN]: Found mod file "Mekanism-1.21.1-10.7.19.85.jar" [locator: {mods folder locator at C:\Users\Windows\Documents\Codex\2026-07-10\goa\tmp\vvh-server-work-final4-20260808\server\mods}, reader: mod manifest] 
[14:57:52.977] [main/INFO] [loading.moddiscovery.ModDiscoverer/SCAN]: Found mod file "MekanismAdditions-1.21.1-10.7.19.85.jar" [locator: {mods folder locator at C:\Users\Windows\Documents\Codex\2026-07-10\goa\tmp\vvh-server-work-final4-20260808\server\mods}, reader: mod manifest] 
[14:57:52.985] [main/INFO] [loading.moddiscovery.ModDiscoverer/SCAN]: Found mod file "MekanismGenerators-1.21.1-10.7.19.85.jar" [locator: {mods folder locator at C:\Users\Windows\Documents\Codex\2026-07-10\goa\tmp\vvh-server-work-final4-20260808\server\mods}, reader: mod manifest] 
[14:57:52.994] [main/INFO] [loading.moddiscovery.ModDiscoverer/SCAN]: Found mod file "MekanismTools-1.21.1-10.7.19.85.jar" [locator: {mods folder locator at C:\Users\Windows\Documents\Codex\2026-07-10\goa\tmp\vvh-server-work-final4-20260808\server\mods}, reader: mod manifest] 
[14:57:53.001] [main/INFO] [loading.moddiscovery.ModDiscoverer/SCAN]: Found mod file "midnightlib-neoforge-1.9.3+1.21.1.jar" [locator: {mods folder locator at C:\Users\Windows\Documents\Codex\2026-07-10\goa\tmp\vvh-server-work-final4-20260808\server\mods}, reader: mod manifest] 
[14:57:53.009] [main/INFO] [loading.moddiscovery.ModDiscoverer/SCAN]: Found mod file "modernfix-neoforge-5.27.14+mc1.21.1.jar" [locator: {mods folder locator at C:\Users\Windows\Documents\Codex\2026-07-10\goa\tmp\vvh-server-work-final4-20260808\server\mods}, reader: mod manifest] 
[14:57:53.018] [main/INFO] [loading.moddiscovery.ModDiscoverer/SCAN]: Found mod file "moonlight-neoforge-1.21.1-3.3.0.jar" [locator: {mods folder locator at C:\Users\Windows\Documents\Codex\2026-07-10\goa\tmp\vvh-server-work-final4-20260808\server\mods}, reader: mod manifest] 
[14:57:53.028] [main/INFO] [loading.moddiscovery.ModDiscoverer/SCAN]: Found mod file "NaturesCompass-1.21.1-3.4.0-neoforge.jar" [locator: {mods folder locator at C:\Users\Windows\Documents\Codex\2026-07-10\goa\tmp\vvh-server-work-final4-20260808\server\mods}, reader: mod manifest] 
[14:57:53.036] [main/INFO] [loading.moddiscovery.ModDiscoverer/SCAN]: Found mod file "neruina-3.3.2+1.21.1-neoforge.jar" [locator: {mods folder locator at C:\Users\Windows\Documents\Codex\2026-07-10\goa\tmp\vvh-server-work-final4-20260808\server\mods}, reader: mod manifest] 
[14:57:53.045] [main/INFO] [loading.moddiscovery.ModDiscoverer/SCAN]: Found mod file "numismaticsutils-2.1-1.21.1.jar" [locator: {mods folder locator at C:\Users\Windows\Documents\Codex\2026-07-10\goa\tmp\vvh-server-work-final4-20260808\server\mods}, reader: mod manifest] 
[14:57:53.059] [main/INFO] [loading.moddiscovery.ModDiscoverer/SCAN]: Found mod file "OctoLib-NEOFORGE-0.6.2+1.21.jar" [locator: {mods folder locator at C:\Users\Windows\Documents\Codex\2026-07-10\goa\tmp\vvh-server-work-final4-20260808\server\mods}, reader: mod manifest] 
[14:57:53.089] [main/INFO] [loading.moddiscovery.ModDiscoverer/SCAN]: Found mod file "owo-lib-neoforge-0.12.15.5-beta.1+1.21.jar" [locator: {mods folder locator at C:\Users\Windows\Documents\Codex\2026-07-10\goa\tmp\vvh-server-work-final4-20260808\server\mods}, reader: mod manifest] 
[14:57:53.117] [main/INFO] [loading.moddiscovery.ModDiscoverer/SCAN]: Found mod file "player-animation-lib-forge-2.0.4+1.21.1.jar" [locator: {mods folder locator at C:\Users\Windows\Documents\Codex\2026-07-10\goa\tmp\vvh-server-work-final4-20260808\server\mods}, reader: mod manifest] 
[14:57:53.130] [main/INFO] [loading.moddiscovery.ModDiscoverer/SCAN]: Found mod file "Powah-6.2.10.jar" [locator: {mods folder locator at C:\Users\Windows\Documents\Codex\2026-07-10\goa\tmp\vvh-server-work-final4-20260808\server\mods}, reader: mod manifest] 
[14:57:53.142] [main/INFO] [loading.moddiscovery.ModDiscoverer/SCAN]: Found mod file "powergrid-mc1.21.1-0.5.5.1.jar" [locator: {mods folder locator at C:\Users\Windows\Documents\Codex\2026-07-10\goa\tmp\vvh-server-work-final4-20260808\server\mods}, reader: mod manifest] 
[14:57:53.156] [main/INFO] [loading.moddiscovery.ModDiscoverer/SCAN]: Found mod file "PuzzlesLib-v21.1.51-1.21.1-NeoForge.jar" [locator: {mods folder locator at C:\Users\Windows\Documents\Codex\2026-07-10\goa\tmp\vvh-server-work-final4-20260808\server\mods}, reader: mod manifest] 
[14:57:53.192] [main/INFO] [loading.moddiscovery.ModDiscoverer/SCAN]: Found mod file "rechiseled-1.2.4-neoforge-mc1.21.jar" [locator: {mods folder locator at C:\Users\Windows\Documents\Codex\2026-07-10\goa\tmp\vvh-server-work-final4-20260808\server\mods}, reader: mod manifest] 
[14:57:53.199] [main/INFO] [loading.moddiscovery.ModDiscoverer/SCAN]: Found mod file "resourcefulconfig-neoforge-1.21-3.0.11.jar" [locator: {mods folder locator at C:\Users\Windows\Documents\Codex\2026-07-10\goa\tmp\vvh-server-work-final4-20260808\server\mods}, reader: mod manifest] 
[14:57:53.206] [main/INFO] [loading.moddiscovery.ModDiscoverer/SCAN]: Found mod file "resourcefullib-neoforge-1.21-3.0.12.jar" [locator: {mods folder locator at C:\Users\Windows\Documents\Codex\2026-07-10\goa\tmp\vvh-server-work-final4-20260808\server\mods}, reader: mod manifest] 
[14:57:53.216] [main/INFO] [loading.moddiscovery.ModDiscoverer/SCAN]: Found mod file "rhino-2101.2.7-build.85.jar" [locator: {mods folder locator at C:\Users\Windows\Documents\Codex\2026-07-10\goa\tmp\vvh-server-work-final4-20260808\server\mods}, reader: mod manifest] 
[14:57:53.224] [main/INFO] [loading.moddiscovery.ModDiscoverer/SCAN]: Found mod file "ritchiesprojectilelib-2.1.2+mc.1.21.1-neoforge.jar" [locator: {mods folder locator at C:\Users\Windows\Documents\Codex\2026-07-10\goa\tmp\vvh-server-work-final4-20260808\server\mods}, reader: mod manifest] 
[14:57:53.234] [main/INFO] [loading.moddiscovery.ModDiscoverer/SCAN]: Found mod file "sable-neoforge-1.21.1-2.0.3.jar" [locator: {mods folder locator at C:\Users\Windows\Documents\Codex\2026-07-10\goa\tmp\vvh-server-work-final4-20260808\server\mods}, reader: mod manifest] 
[14:57:53.243] [main/INFO] [loading.moddiscovery.ModDiscoverer/SCAN]: Found mod file "sablephysicscompat-1.3.0.jar" [locator: {mods folder locator at C:\Users\Windows\Documents\Codex\2026-07-10\goa\tmp\vvh-server-work-final4-20260808\server\mods}, reader: mod manifest] 
[14:57:53.250] [main/INFO] [loading.moddiscovery.ModDiscoverer/SCAN]: Found mod file "sizeable_foliage-neoforge-1.21.1-1.2.0.jar" [locator: {mods folder locator at C:\Users\Windows\Documents\Codex\2026-07-10\goa\tmp\vvh-server-work-final4-20260808\server\mods}, reader: mod manifest] 
[14:57:53.259] [main/INFO] [loading.moddiscovery.ModDiscoverer/SCAN]: Found mod file "sky_archipelago-1.3.4.jar" [locator: {mods folder locator at C:\Users\Windows\Documents\Codex\2026-07-10\goa\tmp\vvh-server-work-final4-20260808\server\mods}, reader: mod manifest] 
[14:57:53.272] [main/INFO] [loading.moddiscovery.ModDiscoverer/SCAN]: Found mod file "sliceanddice-forge-4.2.4.jar" [locator: {mods folder locator at C:\Users\Windows\Documents\Codex\2026-07-10\goa\tmp\vvh-server-work-final4-20260808\server\mods}, reader: mod manifest] 
[14:57:53.283] [main/INFO] [loading.moddiscovery.ModDiscoverer/SCAN]: Found mod file "sophisticatedbackpacks-1.21.1-3.25.73.2020.jar" [locator: {mods folder locator at C:\Users\Windows\Documents\Codex\2026-07-10\goa\tmp\vvh-server-work-final4-20260808\server\mods}, reader: mod manifest] 
[14:57:53.293] [main/INFO] [loading.moddiscovery.ModDiscoverer/SCAN]: Found mod file "sophisticatedcore-1.21.1-1.4.80.2194.jar" [locator: {mods folder locator at C:\Users\Windows\Documents\Codex\2026-07-10\goa\tmp\vvh-server-work-final4-20260808\server\mods}, reader: mod manifest] 
[14:57:53.301] [main/INFO] [loading.moddiscovery.ModDiscoverer/SCAN]: Found mod file "Sparkweave-NeoForge-0.510.0.jar" [locator: {mods folder locator at C:\Users\Windows\Documents\Codex\2026-07-10\goa\tmp\vvh-server-work-final4-20260808\server\mods}, reader: mod manifest] 
[14:57:53.314] [main/INFO] [loading.moddiscovery.ModDiscoverer/SCAN]: Found mod file "starterkit-1.21.1-8.1.jar" [locator: {mods folder locator at C:\Users\Windows\Documents\Codex\2026-07-10\goa\tmp\vvh-server-work-final4-20260808\server\mods}, reader: mod manifest] 
[14:57:53.324] [main/INFO] [loading.moddiscovery.ModDiscoverer/SCAN]: Found mod file "supermartijn642configlib-1.1.8-neoforge-mc1.21.jar" [locator: {mods folder locator at C:\Users\Windows\Documents\Codex\2026-07-10\goa\tmp\vvh-server-work-final4-20260808\server\mods}, reader: mod manifest] 
[14:57:53.334] [main/INFO] [loading.moddiscovery.ModDiscoverer/SCAN]: Found mod file "supermartijn642corelib-1.1.21-neoforge-mc1.21.jar" [locator: {mods folder locator at C:\Users\Windows\Documents\Codex\2026-07-10\goa\tmp\vvh-server-work-final4-20260808\server\mods}, reader: mod manifest] 
[14:57:53.350] [main/INFO] [loading.moddiscovery.ModDiscoverer/SCAN]: Found mod file "supplementaries-neoforge-1.21.1-3.8.4.jar" [locator: {mods folder locator at C:\Users\Windows\Documents\Codex\2026-07-10\goa\tmp\vvh-server-work-final4-20260808\server\mods}, reader: mod manifest] 
[14:57:53.360] [main/INFO] [loading.moddiscovery.ModDiscoverer/SCAN]: Found mod file "The-Hordes-1.21.1-1.6.3c.jar" [locator: {mods folder locator at C:\Users\Windows\Documents\Codex\2026-07-10\goa\tmp\vvh-server-work-final4-20260808\server\mods}, reader: mod manifest] 
[14:57:53.372] [main/INFO] [loading.moddiscovery.ModDiscoverer/SCAN]: Found mod file "treephysics-neoforge-1.21.1.jar" [locator: {mods folder locator at C:\Users\Windows\Documents\Codex\2026-07-10\goa\tmp\vvh-server-work-final4-20260808\server\mods}, reader: mod manifest] 
[14:57:53.489] [main/WARN] [loading.moddiscovery.ModDiscoverer/SCAN]: Skipping jar. File C:\Users\Windows\Documents\Codex\2026-07-10\goa\tmp\vvh-server-work-final4-20260808\server\mods\trinkets-3.10.0.jar is a Fabric mod and cannot be loaded 
[14:57:53.499] [main/INFO] [loading.moddiscovery.ModDiscoverer/SCAN]: Found mod file "trmt-0.5.1-1.21.1-neoforge.jar" [locator: {mods folder locator at C:\Users\Windows\Documents\Codex\2026-07-10\goa\tmp\vvh-server-work-final4-20260808\server\mods}, reader: mod manifest] 
[14:57:53.507] [main/INFO] [loading.moddiscovery.ModDiscoverer/SCAN]: Found mod file "underlay-1.0.3-neoforge-mc1.21.1.jar" [locator: {mods folder locator at C:\Users\Windows\Documents\Codex\2026-07-10\goa\tmp\vvh-server-work-final4-20260808\server\mods}, reader: mod manifest] 
[14:57:53.515] [main/INFO] [loading.moddiscovery.ModDiscoverer/SCAN]: Found mod file "vampire_spells_addon-neoforge-1.21.1-0.0.6.jar" [locator: {mods folder locator at C:\Users\Windows\Documents\Codex\2026-07-10\goa\tmp\vvh-server-work-final4-20260808\server\mods}, reader: mod manifest] 
[14:57:53.526] [main/INFO] [loading.moddiscovery.ModDiscoverer/SCAN]: Found mod file "VampiresDelight-1.21.1-0.1.12b.jar" [locator: {mods folder locator at C:\Users\Windows\Documents\Codex\2026-07-10\goa\tmp\vvh-server-work-final4-20260808\server\mods}, reader: mod manifest] 
[14:57:53.541] [main/INFO] [loading.moddiscovery.ModDiscoverer/SCAN]: Found mod file "Vampirism-1.21-1.10.12.jar" [locator: {mods folder locator at C:\Users\Windows\Documents\Codex\2026-07-10\goa\tmp\vvh-server-work-final4-20260808\server\mods}, reader: mod manifest] 
[14:57:53.549] [main/INFO] [loading.moddiscovery.ModDiscoverer/SCAN]: Found mod file "vampirism_integrations-1.21.1-1.10.2.jar" [locator: {mods folder locator at C:\Users\Windows\Documents\Codex\2026-07-10\goa\tmp\vvh-server-work-final4-20260808\server\mods}, reader: mod manifest] 
[14:57:53.560] [main/INFO] [loading.moddiscovery.ModDiscoverer/SCAN]: Found mod file "via_romana-2.2.2+1.21.1-neoforge.jar" [locator: {mods folder locator at C:\Users\Windows\Documents\Codex\2026-07-10\goa\tmp\vvh-server-work-final4-20260808\server\mods}, reader: mod manifest] 
[14:57:53.570] [main/INFO] [loading.moddiscovery.ModDiscoverer/SCAN]: Found mod file "vista-neoforge-1.21.1-4.4.11.jar" [locator: {mods folder locator at C:\Users\Windows\Documents\Codex\2026-07-10\goa\tmp\vvh-server-work-final4-20260808\server\mods}, reader: mod manifest] 
[14:57:53.580] [main/INFO] [loading.moddiscovery.ModDiscoverer/SCAN]: Found mod file "xaeroworldmap-neoforge-1.21.1-1.41.0.jar" [locator: {mods folder locator at C:\Users\Windows\Documents\Codex\2026-07-10\goa\tmp\vvh-server-work-final4-20260808\server\mods}, reader: mod manifest] 
[14:57:53.587] [main/INFO] [loading.moddiscovery.ModDiscoverer/SCAN]: Found mod file "yet_another_config_lib_v3-3.8.2+1.21.1-neoforge.jar" [locator: {mods folder locator at C:\Users\Windows\Documents\Codex\2026-07-10\goa\tmp\vvh-server-work-final4-20260808\server\mods}, reader: mod manifest] 
[14:57:53.595] [main/INFO] [loading.moddiscovery.ModDiscoverer/SCAN]: Found mod file "yourstruly-neoforge-1.0.1+mc1.21.1.jar" [locator: {mods folder locator at C:\Users\Windows\Documents\Codex\2026-07-10\goa\tmp\vvh-server-work-final4-20260808\server\mods}, reader: mod manifest] 
[14:57:56.942] [main/WARN] [selection.JarSelector/]: Attempted to select a dependency jar for JarJar which was passed in as source: library:net.fabricmc.loader. Using Mod File: \~nonexistent 
[14:57:56.943] [main/WARN] [selection.JarSelector/]: Attempted to select a dependency jar for JarJar which was passed in as source: yet_another_config_lib_v3. Using Mod File: C:\Users\Windows\Documents\Codex\2026-07-10\goa\tmp\vvh-server-work-final4-20260808\server\mods\yet_another_config_lib_v3-3.8.2+1.21.1-neoforge.jar 
[14:57:56.943] [main/INFO] [loading.moddiscovery.locators.JarInJarDependencyLocator/]: Found 102 dependencies adding them to mods collection 
[14:57:56.944] [main/INFO] [loading.moddiscovery.ModDiscoverer/SCAN]: Found mod file "fabric-renderer-api-v1-3.4.1+9125b6dc19.jar" [parent: forgified-fabric-api-0.116.7+2.2.4+1.21.1.jar, locator: jarinjar, reader: mod manifest] 
[14:57:56.944] [main/INFO] [loading.moddiscovery.ModDiscoverer/SCAN]: Found mod file "codecui-neoforge-1.21.1-1.3.6.jar" [parent: moonlight-neoforge-1.21.1-3.3.0.jar, locator: jarinjar, reader: mod manifest] 
[14:57:56.945] [main/INFO] [loading.moddiscovery.ModDiscoverer/SCAN]: Found library file "glsl-processor-0.2.3.jar" [parent: veil-neoforge-1.21.1-4.1.4.jar, locator: jarinjar] 
[14:57:56.945] [main/INFO] [loading.moddiscovery.ModDiscoverer/SCAN]: Found mod file "ponder-neoforge-1.0.82+mc1.21.1.jar" [parent: create-1.21.1-6.0.10.jar, locator: jarinjar, reader: mod manifest] 
[14:57:56.945] [main/INFO] [loading.moddiscovery.ModDiscoverer/SCAN]: Found mod file "fabric-item-api-v1-11.2.0+0c57911319.jar" [parent: forgified-fabric-api-0.116.7+2.2.4+1.21.1.jar, locator: jarinjar, reader: mod manifest] 
[14:57:56.945] [main/INFO] [loading.moddiscovery.ModDiscoverer/SCAN]: Found mod file "fabric-rendering-fluids-v1-3.1.6+a51883b219.jar" [parent: forgified-fabric-api-0.116.7+2.2.4+1.21.1.jar, locator: jarinjar, reader: mod manifest] 
[14:57:56.945] [main/INFO] [loading.moddiscovery.ModDiscoverer/SCAN]: Found library file "github-api-2.0-rc.6.jar" [parent: neruina-3.3.2+1.21.1-neoforge.jar, locator: jarinjar] 
[14:57:56.945] [main/INFO] [loading.moddiscovery.ModDiscoverer/SCAN]: Found library file "MixinSquared-0.3.3.jar" [parent: mixinsquared-forge-0.3.3.jar, locator: jarinjar] 
[14:57:56.945] [main/INFO] [loading.moddiscovery.ModDiscoverer/SCAN]: Found library file "appdirs-1.2.1.jar" [parent: Sparkweave-NeoForge-0.510.0.jar, locator: jarinjar] 
[14:57:56.945] [main/INFO] [loading.moddiscovery.ModDiscoverer/SCAN]: Found library file "netty-0.1.4.1.jar" [parent: owo-lib-neoforge-0.12.15.5-beta.1+1.21.jar, locator: jarinjar] 
[14:57:56.946] [main/INFO] [loading.moddiscovery.ModDiscoverer/SCAN]: Found mod file "fabric-convention-tags-v1-2.1.5+7f945d5b19.jar" [parent: forgified-fabric-api-0.116.7+2.2.4+1.21.1.jar, locator: jarinjar, reader: mod manifest] 
[14:57:56.946] [main/INFO] [loading.moddiscovery.ModDiscoverer/SCAN]: Found library file "endec-0.1.8.1.jar" [parent: owo-lib-neoforge-0.12.15.5-beta.1+1.21.jar, locator: jarinjar] 
[14:57:56.946] [main/INFO] [loading.moddiscovery.ModDiscoverer/SCAN]: Found library file "kotlinx-coroutines-core-jvm-1.10.2.jar" [parent: kotlinforforge-5.11.0-all.jar, locator: jarinjar] 
[14:57:56.946] [main/INFO] [loading.moddiscovery.ModDiscoverer/SCAN]: Found mod file "fabric-block-view-api-v2-1.0.11+e9036fd419.jar" [parent: forgified-fabric-api-0.116.7+2.2.4+1.21.1.jar, locator: jarinjar, reader: mod manifest] 
[14:57:56.946] [main/INFO] [loading.moddiscovery.ModDiscoverer/SCAN]: Found mod file "fabric-convention-tags-v2-2.11.1+87e5848019.jar" [parent: forgified-fabric-api-0.116.7+2.2.4+1.21.1.jar, locator: jarinjar, reader: mod manifest] 
[14:57:56.947] [main/INFO] [loading.moddiscovery.ModDiscoverer/SCAN]: Found mod file "fabric-command-api-v2-2.2.28+36d727be19.jar" [parent: forgified-fabric-api-0.116.7+2.2.4+1.21.1.jar, locator: jarinjar, reader: mod manifest] 
[14:57:56.947] [main/INFO] [loading.moddiscovery.ModDiscoverer/SCAN]: Found mod file "fabric-data-attachment-api-v1-1.4.5+26d408aa19.jar" [parent: forgified-fabric-api-0.116.7+2.2.4+1.21.1.jar, locator: jarinjar, reader: mod manifest] 
[14:57:56.947] [main/INFO] [loading.moddiscovery.ModDiscoverer/SCAN]: Found mod file "veil-neoforge-1.21.1-4.1.4.jar" [parent: sable-neoforge-1.21.1-2.0.3.jar, locator: jarinjar, reader: mod manifest] 
[14:57:56.947] [main/INFO] [loading.moddiscovery.ModDiscoverer/SCAN]: Found mod file "dev.simulated_team.simulated.simulated-neoforge-1.21.1-1.3.0.jar" [parent: create-aeronautics-bundled-1.21.1-1.3.0.jar, locator: jarinjar, reader: mod manifest] 
[14:57:56.947] [main/INFO] [loading.moddiscovery.ModDiscoverer/SCAN]: Found library file "kotlin-stdlib-jdk7-2.3.0.jar" [parent: kotlinforforge-5.11.0-all.jar, locator: jarinjar] 
[14:57:56.947] [main/INFO] [loading.moddiscovery.ModDiscoverer/SCAN]: Found mod file "fabric-screen-api-v1-2.0.25+0ae1214819.jar" [parent: forgified-fabric-api-0.116.7+2.2.4+1.21.1.jar, locator: jarinjar, reader: mod manifest] 
[14:57:56.947] [main/INFO] [loading.moddiscovery.ModDiscoverer/SCAN]: Found library file "kotlin-stdlib-jdk8-2.3.0.jar" [parent: kotlinforforge-5.11.0-all.jar, locator: jarinjar] 
[14:57:56.947] [main/INFO] [loading.moddiscovery.ModDiscoverer/SCAN]: Found library file "kotlinx-serialization-json-jvm-1.9.0.jar" [parent: kotlinforforge-5.11.0-all.jar, locator: jarinjar] 
[14:57:56.948] [main/INFO] [loading.moddiscovery.ModDiscoverer/SCAN]: Found library file "bytecodecs-1.1.2.jar" [parent: resourcefullib-neoforge-1.21-3.0.12.jar, locator: jarinjar] 
[14:57:56.948] [main/INFO] [loading.moddiscovery.ModDiscoverer/SCAN]: Found mod file "fabric-content-registries-v0-8.0.19+5e0d320019.jar" [parent: forgified-fabric-api-0.116.7+2.2.4+1.21.1.jar, locator: jarinjar, reader: mod manifest] 
[14:57:56.948] [main/INFO] [loading.moddiscovery.ModDiscoverer/SCAN]: Found library file "snakeyaml-2.2.jar" [parent: OctoLib-NEOFORGE-0.6.2+1.21.jar, locator: jarinjar] 
[14:57:56.948] [main/INFO] [loading.moddiscovery.ModDiscoverer/SCAN]: Found gamelibrary file "mixinextras-neoforge-0.5.3.jar" [parent: neoforge-21.1.233-universal.jar, locator: jarinjar, reader: mod manifest] 
[14:57:56.948] [main/INFO] [loading.moddiscovery.ModDiscoverer/SCAN]: Found mod file "fabric-game-rule-api-v1-1.0.53+36d727be19.jar" [parent: forgified-fabric-api-0.116.7+2.2.4+1.21.1.jar, locator: jarinjar, reader: mod manifest] 
[14:57:56.949] [main/INFO] [loading.moddiscovery.ModDiscoverer/SCAN]: Found mod file "fabric-api-lookup-api-v1-1.6.71+c290471319.jar" [parent: forgified-fabric-api-0.116.7+2.2.4+1.21.1.jar, locator: jarinjar, reader: mod manifest] 
[14:57:56.949] [main/INFO] [loading.moddiscovery.ModDiscoverer/SCAN]: Found library file "ejml-core-0.44.0.jar" [parent: powergrid-mc1.21.1-0.5.5.1.jar, locator: jarinjar] 
[14:57:56.949] [main/INFO] [loading.moddiscovery.ModDiscoverer/SCAN]: Found gamelibrary file "dev.ryanhcode.sable.sable-sable_rapier-1.21.1-2.0.3.jar" [parent: sable-neoforge-1.21.1-2.0.3.jar, locator: jarinjar, reader: mod manifest] 
[14:57:56.949] [main/INFO] [loading.moddiscovery.ModDiscoverer/SCAN]: Found library file "imageio-metadata-3.12.0.jar" [parent: yet_another_config_lib_v3-3.8.2+1.21.1-neoforge.jar, locator: jarinjar] 
[14:57:56.949] [main/INFO] [loading.moddiscovery.ModDiscoverer/SCAN]: Found library file "kotlin-stdlib-2.3.0.jar" [parent: kotlinforforge-5.11.0-all.jar, locator: jarinjar] 
[14:57:56.949] [main/INFO] [loading.moddiscovery.ModDiscoverer/SCAN]: Found mod file "fabric-entity-events-v1-1.8.0+5ede667619.jar" [parent: forgified-fabric-api-0.116.7+2.2.4+1.21.1.jar, locator: jarinjar, reader: mod manifest] 
[14:57:56.950] [main/INFO] [loading.moddiscovery.ModDiscoverer/SCAN]: Found library file "ejml-ddense-0.44.0.jar" [parent: powergrid-mc1.21.1-0.5.5.1.jar, locator: jarinjar] 
[14:57:56.950] [main/INFO] [loading.moddiscovery.ModDiscoverer/SCAN]: Found library file "common-io-3.12.0.jar" [parent: yet_another_config_lib_v3-3.8.2+1.21.1-neoforge.jar, locator: jarinjar] 
[14:57:56.950] [main/INFO] [loading.moddiscovery.ModDiscoverer/SCAN]: Found mod file "fabric-loot-api-v2-3.0.15+a3ee712d19.jar" [parent: forgified-fabric-api-0.116.7+2.2.4+1.21.1.jar, locator: jarinjar, reader: mod manifest] 
[14:57:56.950] [main/INFO] [loading.moddiscovery.ModDiscoverer/SCAN]: Found gamelibrary file "mixinsquared-forge-0.3.3.jar" [parent: vista-neoforge-1.21.1-4.4.11.jar, locator: jarinjar, reader: mod manifest] 
[14:57:56.950] [main/INFO] [loading.moddiscovery.ModDiscoverer/SCAN]: Found mod file "conditional-mixin-neoforge-0.6.4.jar" [parent: CreateDragonsPlus-1.11.2b.jar, locator: jarinjar, reader: mod manifest] 
[14:57:56.951] [main/INFO] [loading.moddiscovery.ModDiscoverer/SCAN]: Found mod file "fabric-loot-api-v3-1.0.3+333dfad919.jar" [parent: forgified-fabric-api-0.116.7+2.2.4+1.21.1.jar, locator: jarinjar, reader: mod manifest] 
[14:57:56.951] [main/INFO] [loading.moddiscovery.ModDiscoverer/SCAN]: Found mod file "fabric-rendering-data-attachment-v1-0.3.49+73761d2e19.jar" [parent: forgified-fabric-api-0.116.7+2.2.4+1.21.1.jar, locator: jarinjar, reader: mod manifest] 
[14:57:56.951] [main/INFO] [loading.moddiscovery.ModDiscoverer/SCAN]: Found library file "imageio-webp-3.12.0.jar" [parent: yet_another_config_lib_v3-3.8.2+1.21.1-neoforge.jar, locator: jarinjar] 
[14:57:56.951] [main/INFO] [loading.moddiscovery.ModDiscoverer/SCAN]: Found library file "kotlinx-serialization-core-jvm-1.9.0.jar" [parent: kotlinforforge-5.11.0-all.jar, locator: jarinjar] 
[14:57:56.951] [main/INFO] [loading.moddiscovery.ModDiscoverer/SCAN]: Found mod file "fabric-networking-api-v1-4.3.0+30a980d919.jar" [parent: forgified-fabric-api-0.116.7+2.2.4+1.21.1.jar, locator: jarinjar, reader: mod manifest] 
[14:57:56.951] [main/INFO] [loading.moddiscovery.ModDiscoverer/SCAN]: Found library file "auto-service-1.0.jar" [parent: configurable-3.5.1+1.21.1-neoforge.jar, locator: jarinjar] 
[14:57:56.951] [main/INFO] [loading.moddiscovery.ModDiscoverer/SCAN]: Found gamelibrary file "Registrate-MC1.21-1.3.0+67.jar" [parent: create-1.21.1-6.0.10.jar, locator: jarinjar, reader: mod manifest] 
[14:57:56.951] [main/INFO] [loading.moddiscovery.ModDiscoverer/SCAN]: Found mod file "fabric-lifecycle-events-v1-2.6.0+e40d8add19.jar" [parent: forgified-fabric-api-0.116.7+2.2.4+1.21.1.jar, locator: jarinjar, reader: mod manifest] 
[14:57:56.951] [main/INFO] [loading.moddiscovery.ModDiscoverer/SCAN]: Found library file "imageio-core-3.12.0.jar" [parent: yet_another_config_lib_v3-3.8.2+1.21.1-neoforge.jar, locator: jarinjar] 
[14:57:56.951] [main/INFO] [loading.moddiscovery.ModDiscoverer/SCAN]: Found mod file "fabric-key-binding-api-v1-1.0.47+62cc7ce119.jar" [parent: forgified-fabric-api-0.116.7+2.2.4+1.21.1.jar, locator: jarinjar, reader: mod manifest] 
[14:57:56.952] [main/INFO] [loading.moddiscovery.ModDiscoverer/SCAN]: Found mod file "fabric-client-tags-api-v1-1.1.15+e053909619.jar" [parent: forgified-fabric-api-0.116.7+2.2.4+1.21.1.jar, locator: jarinjar, reader: mod manifest] 
[14:57:56.952] [main/INFO] [loading.moddiscovery.ModDiscoverer/SCAN]: Found mod file "fabric-transfer-api-v1-5.4.3+a25cb45619.jar" [parent: forgified-fabric-api-0.116.7+2.2.4+1.21.1.jar, locator: jarinjar, reader: mod manifest] 
[14:57:56.952] [main/INFO] [loading.moddiscovery.ModDiscoverer/SCAN]: Found library file "luaj-core-3.0.8-figura.jar" [parent: fragmentum-neoforge-1.21.1-2.2.4.jar, locator: jarinjar] 
[14:57:56.952] [main/INFO] [loading.moddiscovery.ModDiscoverer/SCAN]: Found library file "jankson-0.1.5.1.jar" [parent: owo-lib-neoforge-0.12.15.5-beta.1+1.21.jar, locator: jarinjar] 
[14:57:56.952] [main/INFO] [loading.moddiscovery.ModDiscoverer/SCAN]: Found mod file "fabric-model-loading-api-v1-2.1.0+6e8f52c719.jar" [parent: forgified-fabric-api-0.116.7+2.2.4+1.21.1.jar, locator: jarinjar, reader: mod manifest] 
[14:57:56.952] [main/INFO] [loading.moddiscovery.ModDiscoverer/SCAN]: Found library file "net.neoforged.neoforge-coremods-21.1.233.jar" [parent: neoforge-21.1.233-universal.jar, locator: jarinjar, reader: mod manifest] 
[14:57:56.952] [main/INFO] [loading.moddiscovery.ModDiscoverer/SCAN]: Found mod file "xaerolib-neoforge-1.21.1-1.1.15.jar" [parent: xaeroworldmap-neoforge-1.21.1-1.41.0.jar, locator: jarinjar, reader: mod manifest] 
[14:57:56.952] [main/INFO] [loading.moddiscovery.ModDiscoverer/SCAN]: Found mod file "dev.eriksonn.aeronautics.aeronautics-neoforge-1.21.1-1.3.0.jar" [parent: create-aeronautics-bundled-1.21.1-1.3.0.jar, locator: jarinjar, reader: mod manifest] 
[14:57:56.952] [main/INFO] [loading.moddiscovery.ModDiscoverer/SCAN]: Found mod file "fabric-screen-handler-api-v1-1.3.90+8dbc56dd19.jar" [parent: forgified-fabric-api-0.116.7+2.2.4+1.21.1.jar, locator: jarinjar, reader: mod manifest] 
[14:57:56.952] [main/INFO] [loading.moddiscovery.ModDiscoverer/SCAN]: Found library file "cobalt-0.9.9.jar" [parent: cc-tweaked-1.21.1-forge-1.120.0.jar, locator: jarinjar] 
[14:57:56.953] [main/INFO] [loading.moddiscovery.ModDiscoverer/SCAN]: Found mod file "fabric-resource-loader-v0-1.3.1+4ea8954419.jar" [parent: forgified-fabric-api-0.116.7+2.2.4+1.21.1.jar, locator: jarinjar, reader: mod manifest] 
[14:57:56.953] [main/INFO] [loading.moddiscovery.ModDiscoverer/SCAN]: Found mod file "fabric-rendering-v1-5.1.0+1a09bd5a19.jar" [parent: forgified-fabric-api-0.116.7+2.2.4+1.21.1.jar, locator: jarinjar, reader: mod manifest] 
[14:57:56.953] [main/INFO] [loading.moddiscovery.ModDiscoverer/SCAN]: Found mod file "fabric-renderer-indigo-1.7.1+9125b6dc19.jar" [parent: forgified-fabric-api-0.116.7+2.2.4+1.21.1.jar, locator: jarinjar, reader: mod manifest] 
[14:57:56.953] [main/INFO] [loading.moddiscovery.ModDiscoverer/SCAN]: Found library file "yabn-1.0.3.jar" [parent: resourcefullib-neoforge-1.21-3.0.12.jar, locator: jarinjar] 
[14:57:56.953] [main/INFO] [loading.moddiscovery.ModDiscoverer/SCAN]: Found gamelibrary file "mixinsquared-neoforge-0.1.2-beta.4.jar" [parent: do_a_barrel_roll-neoforge-3.7.3+1.21.jar, locator: jarinjar, reader: mod manifest] 
[14:57:56.953] [main/INFO] [loading.moddiscovery.ModDiscoverer/SCAN]: Found library file "kotlinx-coroutines-jdk8-1.10.2.jar" [parent: kotlinforforge-5.11.0-all.jar, locator: jarinjar] 
[14:57:56.953] [main/INFO] [loading.moddiscovery.ModDiscoverer/SCAN]: Found library file "molang-compiler-3.1.1.19.jar" [parent: veil-neoforge-1.21.1-4.1.4.jar, locator: jarinjar] 
[14:57:56.953] [main/INFO] [loading.moddiscovery.ModDiscoverer/SCAN]: Found mod file "fabric-particles-v1-4.0.2+824f924c19.jar" [parent: forgified-fabric-api-0.116.7+2.2.4+1.21.1.jar, locator: jarinjar, reader: mod manifest] 
[14:57:56.953] [main/INFO] [loading.moddiscovery.ModDiscoverer/SCAN]: Found library file "animated-gif-lib-for-java-animated-gif-lib-1.7.jar" [parent: kubejs-neoforge-2101.7.2-build.368.jar, locator: jarinjar] 
[14:57:56.953] [main/INFO] [loading.moddiscovery.ModDiscoverer/SCAN]: Found library file "common-image-3.12.0.jar" [parent: yet_another_config_lib_v3-3.8.2+1.21.1-neoforge.jar, locator: jarinjar] 
[14:57:56.954] [main/INFO] [loading.moddiscovery.ModDiscoverer/SCAN]: Found mod file "fabric-transitive-access-wideners-v1-6.2.0+6c854b6f19.jar" [parent: forgified-fabric-api-0.116.7+2.2.4+1.21.1.jar, locator: jarinjar, reader: mod manifest] 
[14:57:56.954] [main/INFO] [loading.moddiscovery.ModDiscoverer/SCAN]: Found mod file "dev.ryanhcode.offroad.offroad-neoforge-1.21.1-1.3.0.jar" [parent: create-aeronautics-bundled-1.21.1-1.3.0.jar, locator: jarinjar, reader: mod manifest] 
[14:57:56.954] [main/INFO] [loading.moddiscovery.ModDiscoverer/SCAN]: Found library file "ejml-simple-0.44.0.jar" [parent: powergrid-mc1.21.1-0.5.5.1.jar, locator: jarinjar] 
[14:57:56.954] [main/INFO] [loading.moddiscovery.ModDiscoverer/SCAN]: Found library file "jankson-1.2.2.jar" [parent: owo-lib-neoforge-0.12.15.5-beta.1+1.21.jar, locator: jarinjar] 
[14:57:56.954] [main/INFO] [loading.moddiscovery.ModDiscoverer/SCAN]: Found library file "gson-0.1.5.1.jar" [parent: owo-lib-neoforge-0.12.15.5-beta.1+1.21.jar, locator: jarinjar] 
[14:57:56.954] [main/INFO] [loading.moddiscovery.ModDiscoverer/SCAN]: Found library file "jzlib-1.1.3.jar" [parent: cc-tweaked-1.21.1-forge-1.120.0.jar, locator: jarinjar] 
[14:57:56.954] [main/INFO] [loading.moddiscovery.ModDiscoverer/SCAN]: Found mod file "fabric-api-base-0.4.42+d1308dedd1.jar" [parent: owo-lib-neoforge-0.12.15.5-beta.1+1.21.jar, locator: jarinjar, reader: mod manifest] 
[14:57:56.954] [main/INFO] [loading.moddiscovery.ModDiscoverer/SCAN]: Found mod file "fabric-blockrenderlayer-v1-1.1.52+c290471319.jar" [parent: forgified-fabric-api-0.116.7+2.2.4+1.21.1.jar, locator: jarinjar, reader: mod manifest] 
[14:57:56.954] [main/INFO] [loading.moddiscovery.ModDiscoverer/SCAN]: Found library file "thedarkcolour.kfflang-5.11.0.jar" [parent: kotlinforforge-5.11.0-all.jar, locator: jarinjar, reader: mod manifest] 
[14:57:56.954] [main/INFO] [loading.moddiscovery.ModDiscoverer/SCAN]: Found mod file "fabric-block-api-v1-1.1.0+b0c22bb819.jar" [parent: forgified-fabric-api-0.116.7+2.2.4+1.21.1.jar, locator: jarinjar, reader: mod manifest] 
[14:57:56.954] [main/INFO] [loading.moddiscovery.ModDiscoverer/SCAN]: Found gamelibrary file "thedarkcolour.kfflib-5.11.0.jar" [parent: kotlinforforge-5.11.0-all.jar, locator: jarinjar, reader: mod manifest] 
[14:57:56.954] [main/INFO] [loading.moddiscovery.ModDiscoverer/SCAN]: Found mod file "fabric-resource-conditions-api-v1-4.3.0+5bdd099819.jar" [parent: forgified-fabric-api-0.116.7+2.2.4+1.21.1.jar, locator: jarinjar, reader: mod manifest] 
[14:57:56.954] [main/INFO] [loading.moddiscovery.ModDiscoverer/SCAN]: Found library file "luaj-jse-3.0.8-figura.jar" [parent: fragmentum-neoforge-1.21.1-2.2.4.jar, locator: jarinjar] 
[14:57:56.955] [main/INFO] [loading.moddiscovery.ModDiscoverer/SCAN]: Found mod file "thedarkcolour.kffmod-5.11.0.jar" [parent: kotlinforforge-5.11.0-all.jar, locator: jarinjar, reader: mod manifest] 
[14:57:56.955] [main/INFO] [loading.moddiscovery.ModDiscoverer/SCAN]: Found library file "gson-0.3.1.jar" [parent: configurable-3.5.1+1.21.1-neoforge.jar, locator: jarinjar] 
[14:57:56.955] [main/INFO] [loading.moddiscovery.ModDiscoverer/SCAN]: Found library file "kotlin-reflect-2.3.0.jar" [parent: kotlinforforge-5.11.0-all.jar, locator: jarinjar] 
[14:57:56.955] [main/INFO] [loading.moddiscovery.ModDiscoverer/SCAN]: Found mod file "sable-companion-common-1.21.1-1.6.0.jar" [parent: vista-neoforge-1.21.1-4.4.11.jar, locator: jarinjar, reader: mod manifest] 
[14:57:56.955] [main/INFO] [loading.moddiscovery.ModDiscoverer/SCAN]: Found mod file "flywheel-neoforge-1.21.1-1.0.6.jar" [parent: create-1.21.1-6.0.10.jar, locator: jarinjar, reader: mod manifest] 
[14:57:56.956] [main/INFO] [loading.moddiscovery.ModDiscoverer/SCAN]: Found mod file "fabric-item-group-api-v1-4.1.7+e324903319.jar" [parent: forgified-fabric-api-0.116.7+2.2.4+1.21.1.jar, locator: jarinjar, reader: mod manifest] 
[14:57:56.956] [main/INFO] [loading.moddiscovery.ModDiscoverer/SCAN]: Found mod file "fabric-gametest-api-v1-2.0.5+29f188ce19.jar" [parent: forgified-fabric-api-0.116.7+2.2.4+1.21.1.jar, locator: jarinjar, reader: mod manifest] 
[14:57:56.956] [main/INFO] [loading.moddiscovery.ModDiscoverer/SCAN]: Found mod file "fabric-biome-api-v1-13.0.31+1e62d33c19.jar" [parent: forgified-fabric-api-0.116.7+2.2.4+1.21.1.jar, locator: jarinjar, reader: mod manifest] 
[14:57:56.956] [main/INFO] [loading.moddiscovery.ModDiscoverer/SCAN]: Found library file "json-0.3.1.jar" [parent: configurable-3.5.1+1.21.1-neoforge.jar, locator: jarinjar] 
[14:57:56.956] [main/INFO] [loading.moddiscovery.ModDiscoverer/SCAN]: Found mod file "fabric-registry-sync-v0-5.3.1+f9aace1619.jar" [parent: forgified-fabric-api-0.116.7+2.2.4+1.21.1.jar, locator: jarinjar, reader: mod manifest] 
[14:57:56.956] [main/INFO] [loading.moddiscovery.ModDiscoverer/SCAN]: Found mod file "better-advanced-tooltips-2101.1.0-build.1.jar" [parent: kubejs-neoforge-2101.7.2-build.368.jar, locator: jarinjar, reader: mod manifest] 
[14:57:56.956] [main/INFO] [loading.moddiscovery.ModDiscoverer/SCAN]: Found mod file "fabric-recipe-api-v1-5.0.15+59440bcc19.jar" [parent: forgified-fabric-api-0.116.7+2.2.4+1.21.1.jar, locator: jarinjar, reader: mod manifest] 
[14:57:56.956] [main/INFO] [loading.moddiscovery.ModDiscoverer/SCAN]: Found mod file "fabric-object-builder-api-v1-15.2.1+cc242efd19.jar" [parent: forgified-fabric-api-0.116.7+2.2.4+1.21.1.jar, locator: jarinjar, reader: mod manifest] 
[14:57:56.957] [main/INFO] [loading.moddiscovery.ModDiscoverer/SCAN]: Found library file "ejml-dsparse-0.44.0.jar" [parent: powergrid-mc1.21.1-0.5.5.1.jar, locator: jarinjar] 
[14:57:56.957] [main/INFO] [loading.moddiscovery.ModDiscoverer/SCAN]: Found mod file "fabric-sound-api-v1-1.0.23+10b84f8419.jar" [parent: forgified-fabric-api-0.116.7+2.2.4+1.21.1.jar, locator: jarinjar, reader: mod manifest] 
[14:57:56.957] [main/INFO] [loading.moddiscovery.ModDiscoverer/SCAN]: Found mod file "fabric-message-api-v1-6.0.14+6a754fce19.jar" [parent: forgified-fabric-api-0.116.7+2.2.4+1.21.1.jar, locator: jarinjar, reader: mod manifest] 
[14:57:56.957] [main/INFO] [loading.moddiscovery.ModDiscoverer/SCAN]: Found library file "tiny-java-server-1.0.0-build.33.jar" [parent: kubejs-neoforge-2101.7.2-build.368.jar, locator: jarinjar] 
[14:57:56.957] [main/INFO] [loading.moddiscovery.ModDiscoverer/SCAN]: Found library file "common-lang-3.12.0.jar" [parent: yet_another_config_lib_v3-3.8.2+1.21.1-neoforge.jar, locator: jarinjar] 
[14:57:56.959] [main/INFO] [loading.moddiscovery.ModDiscoverer/SCAN]: Found mod file "fabric-data-generation-api-v1-20.2.34+a4c3605619.jar" [parent: forgified-fabric-api-0.116.7+2.2.4+1.21.1.jar, locator: jarinjar, reader: mod manifest] 
[14:57:56.959] [main/INFO] [loading.moddiscovery.ModDiscoverer/SCAN]: Found mod file "fabric-events-interaction-v0-0.7.13+86e0887119.jar" [parent: forgified-fabric-api-0.116.7+2.2.4+1.21.1.jar, locator: jarinjar, reader: mod manifest] 
[14:57:57.825] [main/INFO] [locator.FabricModsDiscoverer/SCAN]: Fabric mod metadata not found in jar kotlinforforge.all, ignoring 
[14:57:58.878] [main/INFO] [locator.DependencyResolver/]: Dependency resolution found 3 candidates to load 
[14:58:09.476] [main/INFO] [loading.moddiscovery.ModDiscoverer/SCAN]: Found mod file "trinkets-3.10.0$cardinal-components-base-6.1.0_mapped_moj_1.21.1.jar" [locator: org.sinytra.connector.locator.ConnectorLocator@107ed6fc] 
[14:58:09.476] [main/INFO] [loading.moddiscovery.ModDiscoverer/SCAN]: Found mod file "trinkets-3.10.0$cardinal-components-entity-6.1.0_mapped_moj_1.21.1.jar" [locator: org.sinytra.connector.locator.ConnectorLocator@107ed6fc] 
[14:58:09.477] [main/INFO] [loading.moddiscovery.ModDiscoverer/SCAN]: Found mod file "trinkets-3.10.0_mapped_moj_1.21.1.jar" [locator: org.sinytra.connector.locator.ConnectorLocator@107ed6fc] 
[14:58:09.512] [main/INFO] [loading.moddiscovery.locators.JarInJarDependencyLocator/]: Found 2 dependencies adding them to mods collection 
[14:58:09.513] [main/INFO] [loading.moddiscovery.ModDiscoverer/SCAN]: Found mod file "org.sinytra.connector-2.0.0-beta.14+1.21.1-mod.jar" [parent: , locator: org.sinytra.connector.locator.ConnectorLocator@107ed6fc, reader: mod manifest] 
[14:58:09.513] [main/INFO] [loading.moddiscovery.ModDiscoverer/SCAN]: Found gamelibrary file "runtime-1.0.0+1.21.1.jar" [parent: , locator: org.sinytra.connector.locator.ConnectorLocator@107ed6fc, reader: mod manifest] 
[14:58:09.531] [main/INFO] [loading.moddiscovery.ModDiscoverer/]: 
     Mod List:
		Name Version (Mod Id)

		Accessories 1.1.0-beta.53+1.21.1 (accessories)
		Ace's Spell Utils 1.2.7.1-1.21.1 (aces_spell_utils)
		Amendments 1.21-2.1.7 (amendments)
		ArcaneEssenceBlock 1.0.0 (arcaneessenceblock)
		Architectury 13.0.8 (architectury)
		Atlas Lib 1.21.0-1.1.14 (atlaslib)
		AzureLib 3.1.11 (azurelib)
		Better Advanced Tooltips 2101.1.0-build.1 (betteradvancedtooltips)
		Bosses'Rise 2.1.2 (block_factorys_bosses)
		Burnt Basic 1.10.3.7 (burnt)
		Caelus API 7.0.1+1.21.1 (caelus)
		Cardinal Components API (base) 6.1.0 (cardinal_components_base)
		Cardinal Components API (entities) 6.1.0 (cardinal_components_entity)
		Carry On 2.2.4 (carryon)
		Cataclysm: Spellbooks 1.1.12-1.21 (cataclysm_spellbooks)
		CBC: Compact Mount 1.2.2 (cbc_compact_mount)
		CC: Sable 1.3.4 (cc_sable)
		CC: Tweaked 1.120.0 (computercraft)
		Chipped 4.0.2 (chipped)
		Chunky 1.4.23 (chunky)
		ChunkyBorder 1.2.18 (chunkyborder)
		Cloth Config v15 API 15.0.140 (cloth_config)
		CodecUI 1.21.1-1.3.6 (codecui)
		Collective 8.29 (collective)
		Common Networking 1.0.21-1.21.1 (commonnetworking)
		conditional mixin 0.6.4 (conditional_mixin)
		Configurable 3.5.1 (configurable)
		Create 6.0.10 (create)
		Create Aeronautics 1.3.0 (aeronautics_bundled)
		Create Aeronautics 1.3.0 (aeronautics)
		Create Aeronautics: Transmission & Linkage 0.2.5 (aeronautics_utility_objects)
		Create Big Cannons 5.11.7 (createbigcannons)
		Create Cardan Shafts 0.1.6 (sable_kardanwelle)
		Create Deco 2.1.3 (createdeco)
		Create Offroad 1.3.0 (offroad)
		Create Propulsion: Simulated 1.1.4 (createpropulsion)
		Create Simulated 1.3.0 (simulated)
		Create Slice & Dice 4.2.4 (sliceanddice)
		Create: Aeroworks 1.2.11 (aeroworks)
		Create: Avionics 0.5.1 (create_avionics)
		Create: Bells & Whistles 0.4.7-1.21.1 (bellsandwhistles)
		Create: Central Kitchen 2.5.0 (create_central_kitchen)
		Create: Copycats+ 3.0.4+mc.1.21.1-neoforge (copycats)
		Create: Dragons Plus 1.11.2b (create_dragons_plus)
		Create: Enchantment Industry 2.5.0-preview-alpha1 (create_enchantment_industry)
		Create: Escalated 1.3.1 (escalated)
		Create: Interiors 0.6.1 (interiors)
		Create: Numismatics 1.0.20+neoforge-mc1.21.1 (numismatics)
		Create: Numismatics Utils 2.1-1.21.1 (numismaticsutils)
		Create: Power Grid 0.5.5.1 (powergrid)
		Cult of Azazel 1.1.4.9a (netherman)
		Curios API 9.5.1+1.21.1 (curios)
		Data Anchor 2.0.0.13 (dataanchor)
		Distant Horizons 3.2.0-b (distanthorizons)
		Do a Barrel Roll 3.7.3 (do_a_barrel_roll)
		DoubleSlabs 0.4.0 (doubleslabs)
		Drive By Wire 0.2.9 (drivebywire)
		Enchanting Infuser 21.1.4 (enchantinginfuser)
		Enchanting Infuser: Add Treasure Enchantements 1 (mr_enchanting_infuseraddtreasureenchantements)
		Explorer's Compass 1.21.1-3.4.0-neoforge (explorerscompass)
		Exposure 1.9.18 (exposure)
		Farmer's Delight 1.3.2 (farmersdelight)
		Ferrite Core 7.0.3 (ferritecore)
		Flux Networks 8.0.0 (fluxnetworks)
		Flywheel 1.0.6 (flywheel)
		Forgified Fabric API 0.116.7+2.2.4+1.21.1 (fabric_api)
		Forgified Fabric API Base 0.4.42+d1308dedd1 (fabric_api_base)
		Forgified Fabric API Lookup API (v1) 1.6.71+c290471319 (fabric_api_lookup_api_v1)
		Forgified Fabric Biome API (v1) 13.0.31+1e62d33c19 (fabric_biome_api_v1)
		Forgified Fabric Block API (v1) 1.1.0+b0c22bb819 (fabric_block_api_v1)
		Forgified Fabric BlockRenderLayer Registration (v1) 1.1.52+c290471319 (fabric_blockrenderlayer_v1)
		Forgified Fabric BlockView API (v2) 1.0.11+e9036fd419 (fabric_block_view_api_v2)
		Forgified Fabric Client Tags 1.1.15+e053909619 (fabric_client_tags_api_v1)
		Forgified Fabric Command API (v2) 2.2.28+36d727be19 (fabric_command_api_v2)
		Forgified Fabric Content Registries (v0) 8.0.19+5e0d320019 (fabric_content_registries_v0)
		Forgified Fabric Convention Tags 2.1.5+7f945d5b19 (fabric_convention_tags_v1)
		Forgified Fabric Convention Tags (v2) 2.11.1+87e5848019 (fabric_convention_tags_v2)
		Forgified Fabric Data Attachment API (v1) 1.4.5+26d408aa19 (fabric_data_attachment_api_v1)
		Forgified Fabric Data Generation API (v1) 20.2.34+a4c3605619 (fabric_data_generation_api_v1)
		Forgified Fabric Entity Events (v1) 1.8.0+5ede667619 (fabric_entity_events_v1)
		Forgified Fabric Events Interaction (v0) 0.7.13+86e0887119 (fabric_events_interaction_v0)
		Forgified Fabric Game Rule API (v1) 1.0.53+36d727be19 (fabric_game_rule_api_v1)
		Forgified Fabric Game Test API (v1) 2.0.5+29f188ce19 (fabric_gametest_api_v1)
		Forgified Fabric Item API (v1) 11.2.0+0c57911319 (fabric_item_api_v1)
		Forgified Fabric Item Group API (v1) 4.1.7+e324903319 (fabric_item_group_api_v1)
		Forgified Fabric Key Binding API (v1) 1.0.47+62cc7ce119 (fabric_key_binding_api_v1)
		Forgified Fabric Lifecycle Events (v1) 2.6.0+e40d8add19 (fabric_lifecycle_events_v1)
		Forgified Fabric Loot API (v2) 3.0.15+a3ee712d19 (fabric_loot_api_v2)
		Forgified Fabric Loot API (v3) 1.0.3+333dfad919 (fabric_loot_api_v3)
		Forgified Fabric Message API (v1) 6.0.14+6a754fce19 (fabric_message_api_v1)
		Forgified Fabric Model Loading API (v1) 2.1.0+6e8f52c719 (fabric_model_loading_api_v1)
		Forgified Fabric Networking API (v1) 4.3.0+30a980d919 (fabric_networking_api_v1)
		Forgified Fabric Object Builder API (v1) 15.2.1+cc242efd19 (fabric_object_builder_api_v1)
		Forgified Fabric Particles (v1) 4.0.2+824f924c19 (fabric_particles_v1)
		Forgified Fabric Recipe API (v1) 5.0.15+59440bcc19 (fabric_recipe_api_v1)
		Forgified Fabric Registry Sync (v0) 5.3.1+f9aace1619 (fabric_registry_sync_v0)
		Forgified Fabric Renderer - Indigo 1.7.1+9125b6dc19 (fabric_renderer_indigo)
		Forgified Fabric Renderer API (v1) 3.4.1+9125b6dc19 (fabric_renderer_api_v1)
		Forgified Fabric Rendering (v1) 5.1.0+1a09bd5a19 (fabric_rendering_v1)
		Forgified Fabric Rendering Data Attachment (v1) 0.3.49+73761d2e19 (fabric_rendering_data_attachment_v1)
		Forgified Fabric Rendering Fluids (v1) 3.1.6+a51883b219 (fabric_rendering_fluids_v1)
		Forgified Fabric Resource Conditions API (v1) 4.3.0+5bdd099819 (fabric_resource_conditions_api_v1)
		Forgified Fabric Resource Loader (v0) 1.3.1+4ea8954419 (fabric_resource_loader_v0)
		Forgified Fabric Screen API (v1) 2.0.25+0ae1214819 (fabric_screen_api_v1)
		Forgified Fabric Screen Handler API (v1) 1.3.90+8dbc56dd19 (fabric_screen_handler_api_v1)
		Forgified Fabric Sound API (v1) 1.0.23+10b84f8419 (fabric_sound_api_v1)
		Forgified Fabric Transfer API (v1) 5.4.3+a25cb45619 (fabric_transfer_api_v1)
		Forgified Fabric Transitive Access Wideners (v1) 6.2.0+6c854b6f19 (fabric_transitive_access_wideners_v1)
		Fragmentum 2.2.4 (fragmentum)
		FTB Chunks 2101.1.19 (ftbchunks)
		FTB Chunks x Xaero's Map Compat 1.1.4 (ftbxaerocompat)
		FTB Essentials 2101.1.9 (ftbessentials)
		FTB Library 2101.1.32 (ftblibrary)
		FTB Quests 2101.1.27 (ftbquests)
		FTB Teams 2101.1.10 (ftbteams)
		FTB Ultimine 2101.1.15 (ftbultimine)
		GeckoLib 4 4.8.4 (geckolib)
		Global Packs 21.0.6 (globalpacks)
		Godly Vampirism 1.10.0 (godly_vampirism)
		Guide-API-VP 2.3.0 (guideapi_vp)
		GuideME 21.1.16 (guideme)
		Handcrafted 4.0.3 (handcrafted)
		Icarus 4.7.6 (icarus)
		Immersive Furniture 0.2.2+1.21.1 (immersive_furniture)
		Infinite Trading 5.0 (infinitetrading)
		Iron's Lib 1.21.1-2.1.0 (irons_lib)
		Iron's Spells 'n Spellbooks 1.21.1-3.16.2 (irons_spellbooks)
		Jade 15.10.5+neoforge (jade)
		Jade Addons 6.1.0+neoforge (jadeaddons)
		Just Enough Items 19.39.0.371 (jei)
		Kotlin For Forge 5.11.0 (kotlinforforge)
		KubeJS 2101.7.2-build.368 (kubejs)
		L_Ender's Cataclysm 1.21.1 3.32 (cataclysm)
		lionfishapi 3.1 (lionfishapi)
		Lithium 0.15.3+mc1.21.1 (lithium)
		Lootr 1.21.1-1.11.37.120 (lootr)
		Lost Trinkets 21.1.4-mc1.21.1 (losttrinkets)
		Mannequins 3.0.0-rc.1 (mannequins)
		MCA Capitals 1.1.0 (mcacapitals)
		Mekanism 10.7.19 (mekanism)
		Mekanism: Additions 10.7.19 (mekanismadditions)
		Mekanism: Generators 10.7.19 (mekanismgenerators)
		Mekanism: Tools 10.7.19 (mekanismtools)
		MidnightLib 1.9.3 (midnightlib)
		Minecraft 1.21.1 (minecraft)
		Minecraft Comes Alive 7.7.28+1.21.1 (mca)
		ModernFix 5.27.14+mc1.21.1 (modernfix)
		Moonlight Lib 1.21.1-3.3.0 (moonlight)
		Nature's Compass 1.21.1-3.4.0-neoforge (naturescompass)
		NeoForge 21.1.233 (neoforge)
		Neruina 3.3.2 (neruina)
		OctoLib 0.6.2 (octolib)
		oÏ‰o 0.12.15.5-beta.1+1.21 (owo)
		Player Animator 2.0.4+1.21.1 (playeranimator)
		Ponder 1.0.82+mc1.21.1 (ponder)
		Powah 6.2.10 (powah)
		Puzzles Lib 21.1.51 (puzzleslib)
		Rechiseled 1.2.4 (rechiseled)
		Resourceful Lib 3.0.12 (resourcefullib)
		Resourcefulconfig 3.0.11 (resourcefulconfig)
		Rhino 2101.2.7-build.85 (rhino)
		Ritchie's Projectile Library 2.1.2 (ritchiesprojectilelib)
		Sable 2.0.3 (sable)
		Sable Companion 1.6.0 (sablecompanion)
		Sable: Physics Compat 1.3.0 (sablephysicscompat)
		Sinytra Connector 2.0.0-beta.14+1.21.1 (connector)
		Sizeable Foliage 1.2.0 (sizeable_foliage)
		Sky Archipelago 1.3.4 (sky_archipelago)
		Sophisticated Backpacks 3.25.73 (sophisticatedbackpacks)
		Sophisticated Core 1.4.80 (sophisticatedcore)
		Sparkweave Engine 0.510.0 (sparkweave)
		Starter Kit 8.1 (starterkit)
		SuperMartijn642's Config Library 1.1.8 (supermartijn642configlib)
		SuperMartijn642's Core Lib 1.1.21 (supermartijn642corelib)
		Supplementaries 1.21.1-3.8.4 (supplementaries)
		The Hordes 1.6.3c (hordes)
		The Roads More Travelled 0.5.1-1.21.1-neoforge (trmt)
		Tree Physics 2.2 (treephysics)
		Trinkets 3.10.0 (trinkets)
		Underlay 1.0.3 (underlay)
		Vampire Spells Addon 1.21.1-0.0.6 (vampire_spells_addon)
		Vampire's Delight 0.1.12b (vampiresdelight)
		Vampirism 1.10.12 (vampirism)
		Vampirism Integrations 1.10.2 (vampirism_integrations)
		Veil 4.1.4 (veil)
		Via Romana 2.2.2+1.21.1-neoforge (via_romana)
		Vista 1.21.1-4.4.11 (vista)
		Xaero's World Map 1.41.0 (xaeroworldmap)
		XaeroLib 1.1.15 (xaerolib)
		YetAnotherConfigLib 3.8.2+1.21.1-neoforge (yet_another_config_lib_v3)
		Yours Truly 1.0.1 (yourstruly) 
[14:58:11.453] [main/INFO] [service.hacks.ModuleLayerMigrator/]: Successfully made module authlib transformable 
[14:58:11.461] [main/INFO] [service.hacks.ModuleLayerMigrator/]: Successfully made module brigadier transformable 
[14:58:11.490] [main/INFO] [loading.FMLServiceProvider/CORE]: Loading coremod script-engine for [xaeroworldmap] 
[14:58:20.872] [main/INFO] [mixin/]: Compatibility level set to JAVA_17 
[14:58:20.892] [main/INFO] [mixin/]: Compatibility level set to JAVA_21 
[14:58:21.640] [main/INFO] [LaunchServiceHandler/MODLAUNCHER]: Launching target 'forgeserver' with arguments [nogui] 
[14:58:22.011] [main/INFO] [ModernFix/]: Loaded configuration file for ModernFix 5.27.14+mc1.21.1: 88 options available, 0 override(s) found 
[14:58:22.014] [main/INFO] [ModernFix/]: Applying Nashorn fix 
[14:58:22.023] [main/WARN] [mixin/]: Reference map 'modernfix.refmap.json' for modernfix-modernfix.mixins.json could not be read. If this is a development environment you can ignore this message 
[14:58:22.079] [main/WARN] [mixin/]: Reference map 'aces_spell_utils.refmap.json' for aces_spell_utils.mixins.json could not be read. If this is a development environment you can ignore this message 
[14:58:22.082] [main/WARN] [mixin/]: Reference map 'do_a_barrel_roll.refmap.json' for do_a_barrel_roll.mixins.json could not be read. If this is a development environment you can ignore this message 
[14:58:22.088] [main/WARN] [mixin/]: Reference map 'supermartijn642corelib.mixins.refmap.json' for supermartijn642corelib.mixins.json could not be read. If this is a development environment you can ignore this message 
[14:58:22.091] [main/WARN] [mixin/]: Reference map 'curios.refmap.json' for curios.neoforge.mixins.json could not be read. If this is a development environment you can ignore this message 
[14:58:22.091] [main/WARN] [mixin/]: Reference map 'curios.refmap.json' for curios.mixins.json could not be read. If this is a development environment you can ignore this message 
[14:58:22.103] [main/WARN] [mixin/]: Reference map '' for accessories-common.mixins.json could not be read. If this is a development environment you can ignore this message 
[14:58:22.108] [main/WARN] [mixin/]: Reference map '' for accessories-forge.mixins.json could not be read. If this is a development environment you can ignore this message 
[14:58:22.112] [main/WARN] [mixin/]: Reference map 'jadeaddons.refmap.json' for jadeaddons.mixins.json could not be read. If this is a development environment you can ignore this message 
[14:58:22.121] [main/WARN] [mixin/]: Reference map 'irons_lib.refmap.json' for irons_lib.mixins.json could not be read. If this is a development environment you can ignore this message 
[Lithium] Mod 'supplementaries' attempted to override option 'mixin' with an invalid value, ignoring[Lithium] Mod 'supplementaries' attempted to override option 'mixins' with an invalid value, ignoring[Lithium] Mod 'supplementaries' attempted to override option 'block' with an invalid value, ignoring[14:58:22.185] [main/INFO] [LithiumConfig/]: Option 'mixin.experimental.entity.block_caching.suffocation' requires 'mixin.util.block_tracking=true' but found 'false'. Setting 'mixin.experimental.entity.block_caching.suffocation=false'. 
[14:58:22.186] [main/INFO] [LithiumConfig/]: Option 'mixin.experimental.entity.block_caching.block_support' requires 'mixin.util.block_tracking=true' but found 'false'. Setting 'mixin.experimental.entity.block_caching.block_support=false'. 
[14:58:22.186] [main/INFO] [LithiumConfig/]: Option 'mixin.experimental.entity.block_caching.block_touching' requires 'mixin.util.block_tracking=true' but found 'false'. Setting 'mixin.experimental.entity.block_caching.block_touching=false'. 
[14:58:22.186] [main/INFO] [LithiumConfig/]: Option 'mixin.experimental.entity.block_caching' requires 'mixin.util.block_tracking=true' but found 'false'. Setting 'mixin.experimental.entity.block_caching=false'. 
[14:58:22.189] [main/INFO] [Lithium/]: Loaded configuration file for Lithium: 148 options available, 4 override(s) found 
[14:58:22.203] [main/WARN] [mixin/]: Reference map 'aeronautics.refmap.json' for aeronautics.mixins.json could not be read. If this is a development environment you can ignore this message 
[14:58:22.227] [main/WARN] [mixin/]: Reference map 'offroad.refmap.json' for offroad.mixins.json could not be read. If this is a development environment you can ignore this message 
[14:58:22.241] [main/WARN] [mixin/]: Reference map 'ponder.refmap.json' for ponder-common.mixins.json could not be read. If this is a development environment you can ignore this message 
[14:58:22.243] [main/WARN] [mixin/]: Reference map 'doubleslabs.refmap.json' for doubleslabs.mixins.json could not be read. If this is a development environment you can ignore this message 
[14:58:22.265] [main/WARN] [mixin/]: Reference map 'globalpacks.refmap.json' for globalpacks.mixins.json could not be read. If this is a development environment you can ignore this message 
[14:58:22.268] [main/WARN] [mixin/]: Reference map 'geckolib.refmap.json' for geckolib.mixins.json could not be read. If this is a development environment you can ignore this message 
[14:58:22.274] [main/WARN] [mixin/]: Reference map 'xaeroworldmap.refmap.json' for xaeroworldmap.mixins.json could not be read. If this is a development environment you can ignore this message 
[14:58:22.276] [main/WARN] [mixin/]: Reference map 'burnt-refmap.json' for burnt.mixins.json could not be read. If this is a development environment you can ignore this message 
[14:58:22.276] [main/WARN] [mixin/]: Reference map 'burnt-refmap.json' for burnt.compat.mixins.json could not be read. If this is a development environment you can ignore this message 
[14:58:22.284] [main/WARN] [mixin/]: Reference map 'simulated.refmap.json' for simulated.mixins.json could not be read. If this is a development environment you can ignore this message 
[14:58:22.498] [main/WARN] [mixin/]: Reference map 'carryon.refmap.json' for carryon.mixins.json could not be read. If this is a development environment you can ignore this message 
[14:58:22.528] [main/WARN] [mixin/]: Reference map 'vampiresdelight.refmap.json' for vampiresdelight.mixins.json could not be read. If this is a development environment you can ignore this message 
[14:58:22.536] [main/WARN] [mixin/]: Reference map 'lionfishapi.refmap.json' for lionfishapi.mixins.json could not be read. If this is a development environment you can ignore this message 
[14:58:22.537] [main/WARN] [mixin/]: Reference map 'cataclysm.refmap.json' for cataclysm.mixins.json could not be read. If this is a development environment you can ignore this message 
[14:58:22.562] [main/WARN] [mixin/]: Reference map 'mca.refmap.json' for mca.mixins.json could not be read. If this is a development environment you can ignore this message 
[14:58:22.563] [main/WARN] [mixin/]: Reference map 'mcacapitals.refmap.json' for mcacapitals.mixins.json could not be read. If this is a development environment you can ignore this message 
[14:58:22.575] [main/WARN] [mixin/]: Reference map 'xaerolib.refmap.json' for xaerolib.mixins.json could not be read. If this is a development environment you can ignore this message 
[14:58:22.593] [main/INFO] [mixin.AbstractSableMixinPlugin/]: Using Vanilla renderer mixins 
[14:58:22.595] [main/INFO] [mixin.AbstractSableMixinPlugin/]: Using Vanilla renderer mixins 
[14:58:22.608] [main/WARN] [mixin/]: Reference map 'createpropulsion.refmap.json' for createpropulsion.mixins.json could not be read. If this is a development environment you can ignore this message 
[14:58:22.610] [main/WARN] [mixin/]: Reference map 'create_avionics.refmap.json' for create_avionics.mixins.json could not be read. If this is a development environment you can ignore this message 
[14:58:22.685] [main/WARN] [mixin/]: Reference map 'drivebywire.refmap.json' for drivebywire.mixins.json could not be read. If this is a development environment you can ignore this message 
[14:58:22.697] [main/WARN] [mixin/]: Reference map 'via_romana.refmap.json' for via_romana.mixins.json could not be read. If this is a development environment you can ignore this message 
[14:58:22.699] [main/WARN] [mixin/]: Reference map 'immersive_furniture.refmap.json' for immersive_furniture.mixins.json could not be read. If this is a development environment you can ignore this message 
[14:58:22.700] [main/WARN] [mixin/]: Reference map 'immersive_furniture.refmap.json' for immersive_furniture.neoforge.mixins.json could not be read. If this is a development environment you can ignore this message 
[14:58:22.704] [main/WARN] [mixin/]: Reference map 'irons_spellbooks.refmap.json' for irons_spellbooks.mixins.json could not be read. If this is a development environment you can ignore this message 
[14:58:22.757] [main/WARN] [mixin/]: Reference map '${refmap_target}refmap.json' for ferritecore.predicates.mixin.json could not be read. If this is a development environment you can ignore this message 
[14:58:22.760] [main/WARN] [mixin/]: Reference map '${refmap_target}refmap.json' for ferritecore.fastmap.mixin.json could not be read. If this is a development environment you can ignore this message 
[14:58:22.764] [main/WARN] [mixin/]: Reference map '${refmap_target}refmap.json' for ferritecore.mrl.mixin.json could not be read. If this is a development environment you can ignore this message 
[14:58:22.768] [main/WARN] [mixin/]: Reference map '${refmap_target}refmap.json' for ferritecore.dedupmultipart.mixin.json could not be read. If this is a development environment you can ignore this message 
[14:58:22.771] [main/WARN] [mixin/]: Reference map '${refmap_target}refmap.json' for ferritecore.blockstatecache.mixin.json could not be read. If this is a development environment you can ignore this message 
[14:58:22.773] [main/WARN] [mixin/]: Reference map '${refmap_target}refmap.json' for ferritecore.dedupbakedquad.mixin.json could not be read. If this is a development environment you can ignore this message 
[14:58:22.777] [main/WARN] [mixin/]: Reference map '${refmap_target}refmap.json' for ferritecore.threaddetec.mixin.json could not be read. If this is a development environment you can ignore this message 
[14:58:22.780] [main/WARN] [mixin/]: Reference map '${refmap_target}refmap.json' for ferritecore.modelsides.mixin.json could not be read. If this is a development environment you can ignore this message 
[14:58:22.783] [main/WARN] [mixin/]: Reference map '${refmap_target}refmap.json' for ferritecore.datacomponents.mixin.json could not be read. If this is a development environment you can ignore this message 
[14:58:22.784] [main/WARN] [mixin/]: Reference map '${refmap_target}refmap.json' for ferritecore.accessors.mixin.json could not be read. If this is a development environment you can ignore this message 
[14:58:22.786] [main/WARN] [mixin/]: Reference map 'yet_another_config_lib_v3.refmap.json' for yacl.mixins.json could not be read. If this is a development environment you can ignore this message 
[14:58:22.811] [main/WARN] [mixin/]: Reference map '' for adapter.init.mixins.json could not be read. If this is a development environment you can ignore this message 
[14:58:24.109] [main/WARN] [mixin/]: Error loading class: fuzs/easyanvils/world/inventory/ModAnvilMenu (java.lang.ClassNotFoundException: fuzs.easyanvils.world.inventory.ModAnvilMenu) 
[14:58:24.109] [main/WARN] [mixin/]: @Mixin target fuzs.easyanvils.world.inventory.ModAnvilMenu was not found exposure-common.mixins.json:compat.easy_anvils.ModAnvilMenuMixin from mod exposure 
[14:58:24.835] [main/WARN] [mixin/]: Error loading class: xfacthd/framedblocks/common/blockentity/doubled/slab/FramedAdjustableDoubleBlockEntity (java.lang.ClassNotFoundException: xfacthd.framedblocks.common.blockentity.doubled.slab.FramedAdjustableDoubleBlockEntity) 
[14:58:24.835] [main/WARN] [mixin/]: @Mixin target xfacthd.framedblocks.common.blockentity.doubled.slab.FramedAdjustableDoubleBlockEntity was not found createbigcannons.mixins.json:compat.framedblocks.FramedAdjustableDoubleBlockEntityAccessor from mod createbigcannons 
[14:58:24.935] [main/INFO] [Lithium/]: Force-disabling mixin 'entity.collisions.unpushable_cramming.EntityMixin' as rule 'mixin.entity.collisions.unpushable_cramming' (added by mods [sable]) disables it and children 
[14:58:24.936] [main/INFO] [Lithium/]: Force-disabling mixin 'entity.collisions.unpushable_cramming.EntitySectionMixin' as rule 'mixin.entity.collisions.unpushable_cramming' (added by mods [sable]) disables it and children 
[14:58:24.937] [main/INFO] [Lithium/]: Force-disabling mixin 'entity.collisions.unpushable_cramming.EntitySelectorMixin' as rule 'mixin.entity.collisions.unpushable_cramming' (added by mods [sable]) disables it and children 
[14:58:24.937] [main/INFO] [Lithium/]: Force-disabling mixin 'entity.collisions.unpushable_cramming.LivingEntityMixin' as rule 'mixin.entity.collisions.unpushable_cramming' (added by mods [sable]) disables it and children 
[14:58:24.994] [main/INFO] [Lithium/]: Force-disabling mixin 'world.chunk_access.ChunkHolderMixin' as rule 'mixin.world.chunk_access' (added by mods [sable]) disables it and children 
[14:58:24.995] [main/INFO] [Lithium/]: Force-disabling mixin 'world.chunk_access.GenerationChunkHolderAccessor' as rule 'mixin.world.chunk_access' (added by mods [sable]) disables it and children 
[14:58:24.996] [main/INFO] [Lithium/]: Force-disabling mixin 'world.chunk_access.LevelMixin' as rule 'mixin.world.chunk_access' (added by mods [sable]) disables it and children 
[14:58:24.996] [main/INFO] [Lithium/]: Force-disabling mixin 'world.chunk_access.ServerChunkCacheMixin' as rule 'mixin.world.chunk_access' (added by mods [sable]) disables it and children 
[14:58:24.997] [main/INFO] [Lithium/]: Force-disabling mixin 'world.chunk_ticking.spread_ice.BiomeMixin' as rule 'mixin.world.chunk_ticking' (added by mods [sable]) disables it and children 
[14:58:25.002] [main/INFO] [Lithium/]: Force-disabling mixin 'world.tick_scheduler.LevelChunkTicksMixin' as rule 'mixin.world.tick_scheduler' (added by mods [sable]) disables it and children 
[14:58:25.346] [main/WARN] [mixin/]: Error loading class: com/teamabnormals/blueprint/common/levelgen/feature/BlueprintTreeFeature (java.lang.ClassNotFoundException: com.teamabnormals.blueprint.common.levelgen.feature.BlueprintTreeFeature) 
[14:58:25.346] [main/WARN] [mixin/]: @Mixin target com.teamabnormals.blueprint.common.levelgen.feature.BlueprintTreeFeature was not found treephysics.neoforge.mixins.json:compatibility.blueprint.BlueprintTreeFeatureMixin from mod treephysics 
[14:58:25.350] [main/WARN] [mixin/]: Error loading class: team/lodestar/lodestone/systems/worldgen/LodestoneBlockFiller (java.lang.ClassNotFoundException: team.lodestar.lodestone.systems.worldgen.LodestoneBlockFiller) 
[14:58:25.350] [main/WARN] [mixin/]: @Mixin target team.lodestar.lodestone.systems.worldgen.LodestoneBlockFiller was not found treephysics.neoforge.mixins.json:compatibility.malum.LodestoneBlockFillerLayerMixin from mod treephysics 
[14:58:25.353] [main/WARN] [mixin/]: Error loading class: com/sammy/malum/common/worldgen/tree/SoulwoodTreeFeature (java.lang.ClassNotFoundException: com.sammy.malum.common.worldgen.tree.SoulwoodTreeFeature) 
[14:58:25.353] [main/WARN] [mixin/]: @Mixin target com.sammy.malum.common.worldgen.tree.SoulwoodTreeFeature was not found treephysics.neoforge.mixins.json:compatibility.malum.SoulwoodTreeFeatureMixin from mod treephysics 
[14:58:25.355] [main/WARN] [mixin/]: Error loading class: com/ninni/spawn/server/level/feature/DateTreeFeature (java.lang.ClassNotFoundException: com.ninni.spawn.server.level.feature.DateTreeFeature) 
[14:58:25.355] [main/WARN] [mixin/]: @Mixin target com.ninni.spawn.server.level.feature.DateTreeFeature was not found treephysics.neoforge.mixins.json:compatibility.spawn.DateTreeFeatureMixin from mod treephysics 
[14:58:25.730] [main/WARN] [mixin/]: Error loading class: weather2/weathersystem/storm/TornadoHelper (java.lang.ClassNotFoundException: weather2.weathersystem.storm.TornadoHelper) 
[14:58:26.448] [main/WARN] [mixin/]: Error loading class: me/jellysquid/mods/lithium/common/ai/pathing/PathNodeDefaults (java.lang.ClassNotFoundException: me.jellysquid.mods.lithium.common.ai.pathing.PathNodeDefaults) 
[14:58:26.503] [main/WARN] [mixin/]: Error loading class: cjminecraft/doubleslabs/common/config/DSConfig$Common (java.lang.ClassNotFoundException: cjminecraft.doubleslabs.common.config.DSConfig$Common) 
[14:58:26.674] [main/WARN] [mixin/]: Error loading class: net/mehvahdjukaar/vista/common/view_finder/ViewFinderAccess$Block (java.lang.ClassNotFoundException: net.mehvahdjukaar.vista.common.view_finder.ViewFinderAccess$Block) 
[14:58:26.675] [main/WARN] [mixin/]: @Mixin target net.mehvahdjukaar.vista.common.view_finder.ViewFinderAccess$Block was not found sable.mixins.json:compatibility.vista.ViewFinderAccessMixin from mod sable 
[14:58:26.683] [main/ERROR] [common.asm.RuntimeDistCleaner/DISTXFORM]: Attempted to load class net/minecraft/client/multiplayer/ClientLevel for invalid dist DEDICATED_SERVER 
[14:58:26.685] [main/WARN] [mixin/]: Error loading class: net/minecraft/client/multiplayer/ClientLevel (java.lang.RuntimeException: Attempted to load class net/minecraft/client/multiplayer/ClientLevel for invalid dist DEDICATED_SERVER) 
[14:58:26.715] [main/ERROR] [common.asm.RuntimeDistCleaner/DISTXFORM]: Attempted to load class net/minecraft/client/multiplayer/ClientLevel for invalid dist DEDICATED_SERVER 
[14:58:26.717] [main/WARN] [mixin/]: Error loading class: net/minecraft/client/multiplayer/ClientLevel (java.lang.RuntimeException: Attempted to load class net/minecraft/client/multiplayer/ClientLevel for invalid dist DEDICATED_SERVER) 
[14:58:26.727] [main/ERROR] [common.asm.RuntimeDistCleaner/DISTXFORM]: Attempted to load class net/minecraft/client/multiplayer/ClientLevel for invalid dist DEDICATED_SERVER 
[14:58:26.729] [main/WARN] [mixin/]: Error loading class: net/minecraft/client/multiplayer/ClientLevel (java.lang.RuntimeException: Attempted to load class net/minecraft/client/multiplayer/ClientLevel for invalid dist DEDICATED_SERVER) 
[14:58:27.039] [main/WARN] [mixin/]: Error loading class: dev/qwxon/tracks/content/blocks/sable_track/SableTrackBlockEntity (java.lang.ClassNotFoundException: dev.qwxon.tracks.content.blocks.sable_track.SableTrackBlockEntity) 
[14:58:27.042] [main/WARN] [mixin/]: Error loading class: com/getitemfromblock/create_tweaked_controllers/block/TweakedLecternControllerBlock (java.lang.ClassNotFoundException: com.getitemfromblock.create_tweaked_controllers.block.TweakedLecternControllerBlock) 
[14:58:27.046] [main/WARN] [mixin/]: Error loading class: com/getitemfromblock/create_tweaked_controllers/block/TweakedLecternControllerBlockEntity (java.lang.ClassNotFoundException: com.getitemfromblock.create_tweaked_controllers.block.TweakedLecternControllerBlockEntity) 
[14:58:27.049] [main/WARN] [mixin/]: Error loading class: com/getitemfromblock/create_tweaked_controllers/item/TweakedLinkedControllerItem (java.lang.ClassNotFoundException: com.getitemfromblock.create_tweaked_controllers.item.TweakedLinkedControllerItem) 
[14:58:27.052] [main/WARN] [mixin/]: Error loading class: com/getitemfromblock/create_tweaked_controllers/packet/TweakedLinkedControllerAxisPacket (java.lang.ClassNotFoundException: com.getitemfromblock.create_tweaked_controllers.packet.TweakedLinkedControllerAxisPacket) 
[14:58:27.055] [main/WARN] [mixin/]: Error loading class: com/getitemfromblock/create_tweaked_controllers/packet/TweakedLinkedControllerButtonPacket (java.lang.ClassNotFoundException: com.getitemfromblock.create_tweaked_controllers.packet.TweakedLinkedControllerButtonPacket) 
[14:58:27.060] [main/WARN] [mixin/]: Error loading class: com/getitemfromblock/create_tweaked_controllers/packet/TweakedLinkedControllerStopLecternPacket (java.lang.ClassNotFoundException: com.getitemfromblock.create_tweaked_controllers.packet.TweakedLinkedControllerStopLecternPacket) 
[14:58:27.991] [main/WARN] [mixin/]: Error loading class: org/jetbrains/annotations/ApiStatus$ScheduledForRemoval (java.lang.ClassNotFoundException: org.jetbrains.annotations.ApiStatus$ScheduledForRemoval) 
[14:58:28.007] [main/ERROR] [common.asm.RuntimeDistCleaner/DISTXFORM]: Attempted to load class net/minecraft/client/multiplayer/ClientLevel for invalid dist DEDICATED_SERVER 
[14:58:28.010] [main/WARN] [mixin/]: Error loading class: net/minecraft/client/multiplayer/ClientLevel (java.lang.RuntimeException: Attempted to load class net/minecraft/client/multiplayer/ClientLevel for invalid dist DEDICATED_SERVER) 
[14:58:28.016] [main/ERROR] [common.asm.RuntimeDistCleaner/DISTXFORM]: Attempted to load class net/minecraft/client/multiplayer/ClientLevel for invalid dist DEDICATED_SERVER 
[14:58:28.017] [main/WARN] [mixin/]: Error loading class: net/minecraft/client/multiplayer/ClientLevel (java.lang.RuntimeException: Attempted to load class net/minecraft/client/multiplayer/ClientLevel for invalid dist DEDICATED_SERVER) 
[14:58:28.037] [main/ERROR] [common.asm.RuntimeDistCleaner/DISTXFORM]: Attempted to load class net/minecraft/client/multiplayer/ClientLevel for invalid dist DEDICATED_SERVER 
[14:58:28.038] [main/WARN] [mixin/]: Error loading class: net/minecraft/client/multiplayer/ClientLevel (java.lang.RuntimeException: Attempted to load class net/minecraft/client/multiplayer/ClientLevel for invalid dist DEDICATED_SERVER) 
[14:58:28.043] [main/ERROR] [common.asm.RuntimeDistCleaner/DISTXFORM]: Attempted to load class net/minecraft/client/multiplayer/ClientLevel for invalid dist DEDICATED_SERVER 
[14:58:28.044] [main/WARN] [mixin/]: Error loading class: net/minecraft/client/multiplayer/ClientLevel (java.lang.RuntimeException: Attempted to load class net/minecraft/client/multiplayer/ClientLevel for invalid dist DEDICATED_SERVER) 
[14:58:28.063] [main/ERROR] [common.asm.RuntimeDistCleaner/DISTXFORM]: Attempted to load class net/minecraft/client/multiplayer/ClientLevel for invalid dist DEDICATED_SERVER 
[14:58:28.065] [main/WARN] [mixin/]: Error loading class: net/minecraft/client/multiplayer/ClientLevel (java.lang.RuntimeException: Attempted to load class net/minecraft/client/multiplayer/ClientLevel for invalid dist DEDICATED_SERVER) 
[14:58:28.070] [main/ERROR] [common.asm.RuntimeDistCleaner/DISTXFORM]: Attempted to load class net/minecraft/client/multiplayer/ClientLevel for invalid dist DEDICATED_SERVER 
[14:58:28.075] [main/WARN] [mixin/]: Error loading class: net/minecraft/client/multiplayer/ClientLevel (java.lang.RuntimeException: Attempted to load class net/minecraft/client/multiplayer/ClientLevel for invalid dist DEDICATED_SERVER) 
[14:58:28.151] [main/ERROR] [common.asm.RuntimeDistCleaner/DISTXFORM]: Attempted to load class net/minecraft/client/gui/screens/MenuScreens$ScreenConstructor for invalid dist DEDICATED_SERVER 
[14:58:28.153] [main/WARN] [mixin/]: Error loading class: net/minecraft/client/gui/screens/MenuScreens$ScreenConstructor (java.lang.RuntimeException: Attempted to load class net/minecraft/client/gui/screens/MenuScreens$ScreenConstructor for invalid dist DEDICATED_SERVER) 
[14:58:28] [main/INFO] [MixinExtras|Service/]: Initializing MixinExtras via com.llamalad7.mixinextras.service.MixinExtrasServiceImpl(version=0.5.3).
[14:58:29] [main/WARN] [mixin/]: Static binding violation: PRIVATE @Overwrite method decoratedId in modernfix-modernfix.mixins.json:perf.tag_id_caching.TagOrElementLocationMixin from mod modernfix cannot reduce visibiliy of PUBLIC target method, visibility will be upgraded.
[14:58:31] [main/INFO] [minecraft/Bootstrap]: ModernFix reached bootstrap stage (46.94 s after launch)
[14:58:31] [main/INFO] [configurable-loader/]: Loading Generated Config Loaders...
[14:58:31] [main/INFO] [configurable-loader/]: Loaded 'neruina'
[14:58:36] [main/ERROR] [ne.ne.fm.co.as.RuntimeDistCleaner/DISTXFORM]: Attempted to load class net/minecraft/client/multiplayer/ClientLevel for invalid dist DEDICATED_SERVER
[14:58:36] [main/WARN] [mixin/]: Error loading class: net/minecraft/client/multiplayer/ClientLevel (java.lang.RuntimeException: Attempted to load class net/minecraft/client/multiplayer/ClientLevel for invalid dist DEDICATED_SERVER)
[14:58:36] [main/ERROR] [ne.ne.fm.co.as.RuntimeDistCleaner/DISTXFORM]: Attempted to load class net/minecraft/client/multiplayer/ClientLevel for invalid dist DEDICATED_SERVER
[14:58:36] [main/WARN] [mixin/]: Error loading class: net/minecraft/client/multiplayer/ClientLevel (java.lang.RuntimeException: Attempted to load class net/minecraft/client/multiplayer/ClientLevel for invalid dist DEDICATED_SERVER)
[14:58:37] [main/ERROR] [ne.ne.fm.co.as.RuntimeDistCleaner/DISTXFORM]: Attempted to load class net/minecraft/client/multiplayer/ClientLevel for invalid dist DEDICATED_SERVER
[14:58:37] [main/WARN] [mixin/]: Error loading class: net/minecraft/client/multiplayer/ClientLevel (java.lang.RuntimeException: Attempted to load class net/minecraft/client/multiplayer/ClientLevel for invalid dist DEDICATED_SERVER)
[14:58:41] [main/WARN] [mixin/]: Static binding violation: PRIVATE @Overwrite method getTemperature in modernfix-modernfix.mixins.json:perf.remove_biome_temperature_cache.BiomeMixin from mod modernfix cannot reduce visibiliy of PUBLIC target method, visibility will be upgraded.
[14:58:41] [main/WARN] [mixin/]: Method overwrite conflict for getTemperature in lithium.mixins.json:world.temperature_cache.BiomeMixin from mod lithium, previously written by org.embeddedt.modernfix.common.mixin.perf.remove_biome_temperature_cache.BiomeMixin. Skipping method.
[14:58:41] [main/WARN] [mixin/]: Method overwrite conflict for setChanged in irons_spellbooks.mixins.json:LecternBlockEntityMixin from mod irons_spellbooks, previously written by net.mehvahdjukaar.amendments.mixins.LecternBlockEntityMixin. Skipping method.
[14:58:41] [main/WARN] [mixin/]: Method overwrite conflict for getUpdatePacket in irons_spellbooks.mixins.json:LecternBlockEntityMixin from mod irons_spellbooks, previously written by net.mehvahdjukaar.amendments.mixins.LecternBlockEntityUpdateMixin. Skipping method.
[14:58:41] [main/WARN] [mixin/]: Method overwrite conflict for getUpdateTag in irons_spellbooks.mixins.json:LecternBlockEntityMixin from mod irons_spellbooks, previously written by net.mehvahdjukaar.amendments.mixins.LecternBlockEntityUpdateMixin. Skipping method.
[14:58:53] [main/INFO] [minecraft/Bootstrap]: Vanilla bootstrap took 22192 milliseconds
[14:58:55] [modloading-worker-0/INFO] [Veil/]: Veil is initializing.
[14:58:55] [modloading-worker-0/INFO] [hordes/]: Trying to load common config
[14:58:55] [modloading-worker-0/INFO] [Create Deco/]: Registering items for Create Deco
[14:58:55] [modloading-worker-0/INFO] [ne.ne.ne.co.NeoForgeMod/NEOFORGE-MOD]: NeoForge mod loading, version 21.1.233, for MC 1.21.1
[14:58:55] [modloading-worker-0/INFO] [hordes/]: Trying to load client config
[14:58:55] [modloading-worker-0/INFO] [hordes/]: Hordes data does not exist, generating new files.
[14:58:55] [modloading-worker-0/INFO] [hordes/]: Copied file config_defaults/hordes-info.json
[14:58:55] [modloading-worker-0/INFO] [hordes/]: Copied file config_defaults/pack.mcmeta
[14:58:55] [modloading-worker-0/INFO] [hordes/]: Copied file config_defaults/data/hordes/tags/worldgen/biome/husk_player_spawn_biomes.json
[14:58:56] [modloading-worker-0/INFO] [hordes/]: Copied file config_defaults/data/hordes/tags/item/infection_cures.json
[14:58:56] [modloading-worker-0/INFO] [hordes/]: Copied file config_defaults/data/hordes/infection/wearables_protection.json
[14:58:56] [modloading-worker-0/INFO] [hordes/]: Copied file config_defaults/data/hordes/infection/infection_entities.json
[14:58:56] [modloading-worker-0/INFO] [hordes/]: Copied file config_defaults/data/hordes/infection/infection_conversions.json
[14:58:56] [modloading-worker-0/INFO] [hordes/]: Copied file config_defaults/data/hordes/infection/immunity_items.json
[14:58:56] [modloading-worker-0/INFO] [hordes/]: Copied file config_defaults/data/hordes/horde_data/tables/skeletons.json
[14:58:56] [modloading-worker-0/INFO] [hordes/]: Copied file config_defaults/data/hordes/horde_data/tables/mixed_mobs.json
[14:58:56] [modloading-worker-0/INFO] [hordes/]: Copied file config_defaults/data/hordes/horde_data/tables/illagers.json
[14:58:56] [modloading-worker-0/INFO] [hordes/]: Copied file config_defaults/data/hordes/horde_data/tables/drowned.json
[14:58:56] [modloading-worker-0/INFO] [hordes/]: Copied file config_defaults/data/hordes/horde_data/tables/default.json
[14:58:56] [modloading-worker-0/INFO] [hordes/]: Copied file config_defaults/data/hordes/horde_data/scripts/default.json
[14:58:56] [modloading-worker-0/INFO] [hordes/]: Generated data files.
[14:58:56] [modloading-worker-0/INFO] [Create Deco/]: Registering blocks for Create Deco
[14:58:56] [modloading-worker-0/INFO] [Create Deco/]: Populating connected texture maps...
[14:58:57] [modloading-worker-0/INFO] [Moonlight/]: Sending changed configs to client
[14:58:57] [modloading-worker-0/INFO] [Moonlight/]: Sending changed configs to client
[14:58:57] [modloading-worker-0/WARN] [mixin/]: Static binding violation: PRIVATE @Overwrite method elementOrTag in modernfix-modernfix.mixins.json:perf.tag_id_caching.TagEntryMixin from mod modernfix cannot reduce visibiliy of PUBLIC target method, visibility will be upgraded.
[14:58:58] [modloading-worker-0/INFO] [Puzzles Lib/]: Constructing components for enchantinginfuser:common
[14:58:59] [modloading-worker-0/WARN] [minecraft/VanillaPackResourcesBuilder]: Assets URL 'union:/C:/Users/Windows/Documents/Codex/2026-07-10/goa/tmp/vvh-server-work-final4-20260808/server/libraries/net/minecraft/server/1.21.1-20240808.144430/server-1.21.1-20240808.144430-srg.jar%23252!/assets/.mcassetsroot' uses unexpected schema
[14:58:59] [modloading-worker-0/WARN] [minecraft/VanillaPackResourcesBuilder]: Assets URL 'union:/C:/Users/Windows/Documents/Codex/2026-07-10/goa/tmp/vvh-server-work-final4-20260808/server/libraries/net/minecraft/server/1.21.1-20240808.144430/server-1.21.1-20240808.144430-srg.jar%23252!/data/.mcassetsroot' uses unexpected schema
[14:58:59] [modloading-worker-0/INFO] [mi.tr.TRMTConfig/]: [TRMT] Config loaded from C:\Users\Windows\Documents\Codex\2026-07-10\goa\tmp\vvh-server-work-final4-20260808\server\config\trmt.json
[14:59:00] [modloading-worker-0/WARN] [Supplementaries/]: Dye color white produced diffuse color -1 (white), this should never happen
[14:59:00] [modloading-worker-0/INFO] [co.si.cr.Create/]: Create 6.0.10 initializing! Commit hash: ac0c444d9828da3453ae8cc65338e8de063286fb
[14:59:01] [modloading-worker-0/INFO] [DoubleSlabs/]: Detected 1 plugins: doubleslabs:minecraft
[14:59:02] [modloading-worker-0/INFO] [Puzzles Lib/]: Constructing components for puzzleslib:common
[14:59:02] [modloading-worker-0/INFO] [CodecUI/]: Codec construction mixins inactive (Codec, MapCodec, RecordCodecBuilder) - expected on NeoForge; using reflective schema inference (numeric ranges recovered, optional-field defaults not).
[14:59:03] [modloading-worker-0/INFO] [xa.ma.WorldMap/]: Registering common data for channel xaeroworldmap:main!
[14:59:03] [modloading-worker-0/INFO] [burnt/]: [Burnt] Create detected — registered contraption behaviour for smoldering blocks.
[14:59:03] [modloading-worker-0/INFO] [xa.ma.WorldMap/]: Loading primary common config for channel xaeroworldmap:main!
[14:59:03] [modloading-worker-0/INFO] [xa.ma.WorldMap/]: Loading server config profiles for channel xaeroworldmap:main!
[14:59:03] [modloading-worker-0/INFO] [Create: Numismatics/]: Create: Numismatics 1.0.20+neoforge-mc1.21.1 initializing! Create version: 6.0.10 on platform: NEOFORGE
[14:59:03] [modloading-worker-0/INFO] [Create: Numismatics/]: Registering creative tabs for Create: Numismatics
[14:59:03] [modloading-worker-0/INFO] [Create: Numismatics/]: Registering items for Create: Numismatics
[14:59:03] [modloading-worker-0/INFO] [th.ko.ne.te.KotlinForForge/]: Kotlin For Forge Enabled!
[14:59:04] [modloading-worker-0/INFO] [Create: Numismatics/]: Registering block entities for Create: Numismatics
[14:59:04] [modloading-worker-0/INFO] [Create: Numismatics/]: Registering blocks for Create: Numismatics
[14:59:04] [modloading-worker-0/INFO] [Create: Numismatics/]: Registering menu types for Create: Numismatics
[14:59:04] [modloading-worker-0/INFO] [Create: Numismatics/]: Registering block tags for Create: Numismatics
[14:59:04] [modloading-worker-0/INFO] [Create: Numismatics/]: Registering item tags for Create: Numismatics
[14:59:04] [modloading-worker-0/INFO] [Create: Numismatics/]: Registering data components for Create: Numismatics
[14:59:04] [modloading-worker-0/WARN] [mixin/]: Discarding @Unique public method useItemOn in copycats-common.mixins.json:copycat.step.CopycatStepBlockMixin from mod copycats because it already exists in com.simibubi.create.content.decoration.copycat.CopycatStepBlock
[14:59:04] [modloading-worker-0/WARN] [mixin/]: Discarding @Unique public method onLoad in copycats-common.mixins.json:foundation.copycat.CopycatBlockEntityMixin from mod copycats because it already exists in com.simibubi.create.content.decoration.copycat.CopycatBlockEntity
[14:59:04] [modloading-worker-0/WARN] [mixin/]: Discarding @Unique public method useItemOn in copycats-common.mixins.json:copycat.panel.CopycatPanelBlockMixin from mod copycats because it already exists in com.simibubi.create.content.decoration.copycat.CopycatPanelBlock
[14:59:04] [modloading-worker-0/WARN] [mixin/]: Discarding @Unique public method mirror in copycats-common.mixins.json:copycat.panel.CopycatPanelBlockMixin from mod copycats because it already exists in com.simibubi.create.content.decoration.copycat.CopycatPanelBlock
[14:59:04] [modloading-worker-0/WARN] [mixin/]: Discarding @Unique public method rotate in copycats-common.mixins.json:copycat.panel.CopycatPanelBlockMixin from mod copycats because it already exists in com.simibubi.create.content.decoration.copycat.CopycatPanelBlock
[14:59:06] [modloading-worker-0/INFO] [sizeable_foliage/]: Sizeable Foliage 1.2.0 initializing on NeoForge
[14:59:06] [modloading-worker-0/INFO] [Collective/]: Loading Collective version 8.29.
[14:59:07] [Collective Update Checker/WARN] [Collective/]: [Update] Collective has an update available: 8.29 -> 8.39
[14:59:07] [modloading-worker-0/INFO] [Create: Avionics/]: Registering ComputerCraft peripherals for Create: Simulated
[14:59:07] [modloading-worker-0/INFO] [KubeJS/]: Loading vanilla registries...
[14:59:07] [modloading-worker-0/INFO] [KubeJS/]: Looking for KubeJS plugins...
[14:59:07] [modloading-worker-0/INFO] [KubeJS/]: Found plugin source kubejs
[14:59:07] [modloading-worker-0/WARN] [KubeJS/]: Plugin dev.latvian.mods.kubejs.plugin.builtin.BuiltinKubeJSClientPlugin does not load on server side, skipping
[14:59:07] [modloading-worker-0/INFO] [KubeJS/]: Found plugin source exposure
[14:59:07] [modloading-worker-0/INFO] [KubeJS/]: Found plugin source createpropulsion
[14:59:07] [modloading-worker-0/INFO] [KubeJS/]: Done in 77.70 ms
[14:59:08] [modloading-worker-0/INFO] [owo/]: fuck i need to update tags again
[14:59:08] [modloading-worker-0/INFO] [Create: Avionics/]: Registering ComputerCraft peripherals for Create: Aeronautics
[14:59:08] [modloading-worker-0/INFO] [Create: Avionics/]: Registering ComputerCraft peripherals for Create: Offroad
[14:59:08] [modloading-worker-0/INFO] [Moonlight/]: Sending changed configs to client
[14:59:08] [modloading-worker-0/WARN] [mixin/]: Discarding @Unique public method rotate in copycats-neoforge.mixins.json:foundation.copycat.CopycatBlockMixin from mod copycats because it already exists in com.copycatsplus.copycats.content.copycat.door.CopycatDoorBlock
[14:59:08] [modloading-worker-0/WARN] [mixin/]: Discarding @Unique public method mirror in copycats-neoforge.mixins.json:foundation.copycat.CopycatBlockMixin from mod copycats because it already exists in com.copycatsplus.copycats.content.copycat.door.CopycatDoorBlock
[14:59:08] [modloading-worker-0/WARN] [mixin/]: Discarding @Unique public method useItemOn in copycats-neoforge.mixins.json:foundation.copycat.CopycatBlockMixin from mod copycats because it already exists in com.copycatsplus.copycats.content.copycat.door.CopycatDoorBlock
[14:59:08] [modloading-worker-0/WARN] [mixin/]: Discarding @Unique public method useWithoutItem in copycats-neoforge.mixins.json:foundation.copycat.CopycatBlockMixin from mod copycats because it already exists in com.copycatsplus.copycats.content.copycat.door.CopycatDoorBlock
[14:59:08] [modloading-worker-0/WARN] [mixin/]: Discarding @Unique public method rotate in copycats-neoforge.mixins.json:foundation.copycat.CopycatBlockMixin from mod copycats because it already exists in com.copycatsplus.copycats.content.copycat.sliding_door.CopycatSlidingDoorBlock
[14:59:08] [modloading-worker-0/WARN] [mixin/]: Discarding @Unique public method mirror in copycats-neoforge.mixins.json:foundation.copycat.CopycatBlockMixin from mod copycats because it already exists in com.copycatsplus.copycats.content.copycat.sliding_door.CopycatSlidingDoorBlock
[14:59:08] [modloading-worker-0/WARN] [mixin/]: Discarding @Unique public method useItemOn in copycats-neoforge.mixins.json:foundation.copycat.CopycatBlockMixin from mod copycats because it already exists in com.copycatsplus.copycats.content.copycat.sliding_door.CopycatSlidingDoorBlock
[14:59:08] [modloading-worker-0/WARN] [mixin/]: Discarding @Unique public method useWithoutItem in copycats-neoforge.mixins.json:foundation.copycat.CopycatBlockMixin from mod copycats because it already exists in com.copycatsplus.copycats.content.copycat.sliding_door.CopycatSlidingDoorBlock
[14:59:08] [modloading-worker-0/WARN] [mixin/]: Discarding @Unique public method rotate in copycats-neoforge.mixins.json:foundation.copycat.CopycatBlockMixin from mod copycats because it already exists in com.copycatsplus.copycats.content.copycat.fluid_pipe.CopycatGlassFluidPipeBlock
[14:59:08] [modloading-worker-0/WARN] [mixin/]: Discarding @Unique public method mirror in copycats-neoforge.mixins.json:foundation.copycat.CopycatBlockMixin from mod copycats because it already exists in com.copycatsplus.copycats.content.copycat.fluid_pipe.CopycatGlassFluidPipeBlock
[14:59:08] [modloading-worker-0/WARN] [mixin/]: Discarding @Unique public method useItemOn in copycats-neoforge.mixins.json:foundation.copycat.CopycatBlockMixin from mod copycats because it already exists in com.copycatsplus.copycats.content.copycat.fluid_pipe.CopycatGlassFluidPipeBlock
[14:59:08] [modloading-worker-0/WARN] [mixin/]: Discarding @Unique public method useWithoutItem in copycats-neoforge.mixins.json:foundation.copycat.CopycatBlockMixin from mod copycats because it already exists in com.copycatsplus.copycats.content.copycat.fluid_pipe.CopycatGlassFluidPipeBlock
[14:59:08] [modloading-worker-0/INFO] [xa.li.XaeroLib/]: Registering common data for channel xaerolib:main!
[14:59:08] [modloading-worker-0/INFO] [xa.li.XaeroLib/]: Loading primary common config for channel xaerolib:main!
[14:59:08] [modloading-worker-0/WARN] [mixin/]: Discarding @Unique public method rotate in copycats-neoforge.mixins.json:foundation.copycat.multistate.MultiStateCopycatBlockMixin from mod copycats because it already exists in com.copycatsplus.copycats.foundation.copycat.multistate.MultiStateCopycatBlock
[14:59:08] [modloading-worker-0/WARN] [mixin/]: Discarding @Unique public method mirror in copycats-neoforge.mixins.json:foundation.copycat.multistate.MultiStateCopycatBlockMixin from mod copycats because it already exists in com.copycatsplus.copycats.foundation.copycat.multistate.MultiStateCopycatBlock
[14:59:08] [modloading-worker-0/WARN] [mixin/]: Discarding @Unique public method useItemOn in copycats-neoforge.mixins.json:foundation.copycat.multistate.MultiStateCopycatBlockMixin from mod copycats because it already exists in com.copycatsplus.copycats.foundation.copycat.multistate.MultiStateCopycatBlock
[14:59:08] [modloading-worker-0/WARN] [mixin/]: Discarding @Unique public method useWithoutItem in copycats-neoforge.mixins.json:foundation.copycat.multistate.MultiStateCopycatBlockMixin from mod copycats because it already exists in com.copycatsplus.copycats.foundation.copycat.multistate.MultiStateCopycatBlock
[14:59:08] [modloading-worker-0/INFO] [xa.li.XaeroLib/]: Loading server config profiles for channel xaerolib:main!
[14:59:08] [modloading-worker-0/WARN] [mixin/]: Discarding @Unique public method rotate in copycats-neoforge.mixins.json:foundation.copycat.CopycatBlockMixin from mod copycats because it already exists in com.copycatsplus.copycats.foundation.copycat.CCCopycatBlock
[14:59:08] [modloading-worker-0/WARN] [mixin/]: Discarding @Unique public method mirror in copycats-neoforge.mixins.json:foundation.copycat.CopycatBlockMixin from mod copycats because it already exists in com.copycatsplus.copycats.foundation.copycat.CCCopycatBlock
[14:59:08] [modloading-worker-0/WARN] [mixin/]: Discarding @Unique public method useItemOn in copycats-neoforge.mixins.json:foundation.copycat.CopycatBlockMixin from mod copycats because it already exists in com.copycatsplus.copycats.foundation.copycat.CCCopycatBlock
[14:59:08] [modloading-worker-0/WARN] [mixin/]: Discarding @Unique public method useWithoutItem in copycats-neoforge.mixins.json:foundation.copycat.CopycatBlockMixin from mod copycats because it already exists in com.copycatsplus.copycats.foundation.copycat.CCCopycatBlock
[14:59:08] [modloading-worker-0/WARN] [mixin/]: Discarding @Unique public method rotate in copycats-neoforge.mixins.json:foundation.copycat.CopycatBlockMixin from mod copycats because it already exists in com.copycatsplus.copycats.content.copycat.button.CopycatButtonBlock
[14:59:08] [modloading-worker-0/WARN] [mixin/]: Discarding @Unique public method mirror in copycats-neoforge.mixins.json:foundation.copycat.CopycatBlockMixin from mod copycats because it already exists in com.copycatsplus.copycats.content.copycat.button.CopycatButtonBlock
[14:59:08] [modloading-worker-0/WARN] [mixin/]: Discarding @Unique public method useItemOn in copycats-neoforge.mixins.json:foundation.copycat.CopycatBlockMixin from mod copycats because it already exists in com.copycatsplus.copycats.content.copycat.button.CopycatButtonBlock
[14:59:08] [modloading-worker-0/WARN] [mixin/]: Discarding @Unique public method useWithoutItem in copycats-neoforge.mixins.json:foundation.copycat.CopycatBlockMixin from mod copycats because it already exists in com.copycatsplus.copycats.content.copycat.button.CopycatButtonBlock
[14:59:08] [modloading-worker-0/WARN] [mixin/]: Discarding @Unique public method rotate in copycats-neoforge.mixins.json:foundation.copycat.CopycatBlockMixin from mod copycats because it already exists in com.copycatsplus.copycats.content.copycat.fence.CopycatFenceBlock
[14:59:08] [modloading-worker-0/WARN] [mixin/]: Discarding @Unique public method mirror in copycats-neoforge.mixins.json:foundation.copycat.CopycatBlockMixin from mod copycats because it already exists in com.copycatsplus.copycats.content.copycat.fence.CopycatFenceBlock
[14:59:08] [modloading-worker-0/WARN] [mixin/]: Discarding @Unique public method useItemOn in copycats-neoforge.mixins.json:foundation.copycat.CopycatBlockMixin from mod copycats because it already exists in com.copycatsplus.copycats.content.copycat.fence.CopycatFenceBlock
[14:59:08] [modloading-worker-0/WARN] [mixin/]: Discarding @Unique public method useWithoutItem in copycats-neoforge.mixins.json:foundation.copycat.CopycatBlockMixin from mod copycats because it already exists in com.copycatsplus.copycats.content.copycat.fence.CopycatFenceBlock
[14:59:09] [modloading-worker-0/WARN] [mixin/]: Discarding @Unique public method rotate in copycats-neoforge.mixins.json:foundation.copycat.CopycatBlockMixin from mod copycats because it already exists in com.copycatsplus.copycats.content.copycat.fence_gate.CopycatFenceGateBlock
[14:59:09] [modloading-worker-0/WARN] [mixin/]: Discarding @Unique public method mirror in copycats-neoforge.mixins.json:foundation.copycat.CopycatBlockMixin from mod copycats because it already exists in com.copycatsplus.copycats.content.copycat.fence_gate.CopycatFenceGateBlock
[14:59:09] [modloading-worker-0/WARN] [mixin/]: Discarding @Unique public method useItemOn in copycats-neoforge.mixins.json:foundation.copycat.CopycatBlockMixin from mod copycats because it already exists in com.copycatsplus.copycats.content.copycat.fence_gate.CopycatFenceGateBlock
[14:59:09] [modloading-worker-0/WARN] [mixin/]: Discarding @Unique public method useWithoutItem in copycats-neoforge.mixins.json:foundation.copycat.CopycatBlockMixin from mod copycats because it already exists in com.copycatsplus.copycats.content.copycat.fence_gate.CopycatFenceGateBlock
[14:59:09] [modloading-worker-0/INFO] [azurelib/FileWatching]: Registered azurelib config for auto-sync function
[14:59:09] [modloading-worker-0/WARN] [mixin/]: Discarding @Unique public method rotate in copycats-neoforge.mixins.json:foundation.copycat.CopycatBlockMixin from mod copycats because it already exists in com.copycatsplus.copycats.content.copycat.ladder.CopycatLadderBlock
[14:59:09] [modloading-worker-0/WARN] [mixin/]: Discarding @Unique public method mirror in copycats-neoforge.mixins.json:foundation.copycat.CopycatBlockMixin from mod copycats because it already exists in com.copycatsplus.copycats.content.copycat.ladder.CopycatLadderBlock
[14:59:09] [modloading-worker-0/WARN] [mixin/]: Discarding @Unique public method useItemOn in copycats-neoforge.mixins.json:foundation.copycat.CopycatBlockMixin from mod copycats because it already exists in com.copycatsplus.copycats.content.copycat.ladder.CopycatLadderBlock
[14:59:09] [modloading-worker-0/WARN] [mixin/]: Discarding @Unique public method useWithoutItem in copycats-neoforge.mixins.json:foundation.copycat.CopycatBlockMixin from mod copycats because it already exists in com.copycatsplus.copycats.content.copycat.ladder.CopycatLadderBlock
[14:59:09] [modloading-worker-0/WARN] [mixin/]: Discarding @Unique public method rotate in copycats-neoforge.mixins.json:foundation.copycat.CopycatBlockMixin from mod copycats because it already exists in com.copycatsplus.copycats.content.copycat.pressure_plate.CopycatPressurePlateBlock
[14:59:09] [modloading-worker-0/WARN] [mixin/]: Discarding @Unique public method mirror in copycats-neoforge.mixins.json:foundation.copycat.CopycatBlockMixin from mod copycats because it already exists in com.copycatsplus.copycats.content.copycat.pressure_plate.CopycatPressurePlateBlock
[14:59:09] [modloading-worker-0/WARN] [mixin/]: Discarding @Unique public method useItemOn in copycats-neoforge.mixins.json:foundation.copycat.CopycatBlockMixin from mod copycats because it already exists in com.copycatsplus.copycats.content.copycat.pressure_plate.CopycatPressurePlateBlock
[14:59:09] [modloading-worker-0/WARN] [mixin/]: Discarding @Unique public method useWithoutItem in copycats-neoforge.mixins.json:foundation.copycat.CopycatBlockMixin from mod copycats because it already exists in com.copycatsplus.copycats.content.copycat.pressure_plate.CopycatPressurePlateBlock
[14:59:09] [modloading-worker-0/WARN] [mixin/]: Discarding @Unique public method rotate in copycats-neoforge.mixins.json:foundation.copycat.CopycatBlockMixin from mod copycats because it already exists in com.copycatsplus.copycats.content.copycat.pressure_plate.CopycatWeightedPressurePlate
[14:59:09] [modloading-worker-0/WARN] [mixin/]: Discarding @Unique public method mirror in copycats-neoforge.mixins.json:foundation.copycat.CopycatBlockMixin from mod copycats because it already exists in com.copycatsplus.copycats.content.copycat.pressure_plate.CopycatWeightedPressurePlate
[14:59:09] [modloading-worker-0/WARN] [mixin/]: Discarding @Unique public method useItemOn in copycats-neoforge.mixins.json:foundation.copycat.CopycatBlockMixin from mod copycats because it already exists in com.copycatsplus.copycats.content.copycat.pressure_plate.CopycatWeightedPressurePlate
[14:59:09] [modloading-worker-0/WARN] [mixin/]: Discarding @Unique public method useWithoutItem in copycats-neoforge.mixins.json:foundation.copycat.CopycatBlockMixin from mod copycats because it already exists in com.copycatsplus.copycats.content.copycat.pressure_plate.CopycatWeightedPressurePlate
[14:59:09] [modloading-worker-0/INFO] [Moonlight/]: Sending changed configs to client
[14:59:09] [modloading-worker-0/WARN] [mixin/]: Discarding @Unique public method rotate in copycats-neoforge.mixins.json:foundation.copycat.CopycatBlockMixin from mod copycats because it already exists in com.copycatsplus.copycats.content.copycat.stairs.CopycatStairsBlock
[14:59:09] [modloading-worker-0/WARN] [mixin/]: Discarding @Unique public method mirror in copycats-neoforge.mixins.json:foundation.copycat.CopycatBlockMixin from mod copycats because it already exists in com.copycatsplus.copycats.content.copycat.stairs.CopycatStairsBlock
[14:59:09] [modloading-worker-0/WARN] [mixin/]: Discarding @Unique public method useItemOn in copycats-neoforge.mixins.json:foundation.copycat.CopycatBlockMixin from mod copycats because it already exists in com.copycatsplus.copycats.content.copycat.stairs.CopycatStairsBlock
[14:59:09] [modloading-worker-0/WARN] [mixin/]: Discarding @Unique public method useWithoutItem in copycats-neoforge.mixins.json:foundation.copycat.CopycatBlockMixin from mod copycats because it already exists in com.copycatsplus.copycats.content.copycat.stairs.CopycatStairsBlock
[14:59:09] [modloading-worker-0/WARN] [mixin/]: Discarding @Unique public method rotate in copycats-neoforge.mixins.json:foundation.copycat.CopycatBlockMixin from mod copycats because it already exists in com.copycatsplus.copycats.content.copycat.trapdoor.CopycatTrapdoorBlock
[14:59:09] [modloading-worker-0/WARN] [mixin/]: Discarding @Unique public method mirror in copycats-neoforge.mixins.json:foundation.copycat.CopycatBlockMixin from mod copycats because it already exists in com.copycatsplus.copycats.content.copycat.trapdoor.CopycatTrapdoorBlock
[14:59:09] [modloading-worker-0/WARN] [mixin/]: Discarding @Unique public method useItemOn in copycats-neoforge.mixins.json:foundation.copycat.CopycatBlockMixin from mod copycats because it already exists in com.copycatsplus.copycats.content.copycat.trapdoor.CopycatTrapdoorBlock
[14:59:09] [modloading-worker-0/WARN] [mixin/]: Discarding @Unique public method useWithoutItem in copycats-neoforge.mixins.json:foundation.copycat.CopycatBlockMixin from mod copycats because it already exists in com.copycatsplus.copycats.content.copycat.trapdoor.CopycatTrapdoorBlock
[14:59:09] [modloading-worker-0/WARN] [mixin/]: Discarding @Unique public method rotate in copycats-neoforge.mixins.json:foundation.copycat.CopycatBlockMixin from mod copycats because it already exists in com.copycatsplus.copycats.content.copycat.wall.CopycatWallBlock
[14:59:09] [modloading-worker-0/WARN] [mixin/]: Discarding @Unique public method mirror in copycats-neoforge.mixins.json:foundation.copycat.CopycatBlockMixin from mod copycats because it already exists in com.copycatsplus.copycats.content.copycat.wall.CopycatWallBlock
[14:59:09] [modloading-worker-0/WARN] [mixin/]: Discarding @Unique public method useItemOn in copycats-neoforge.mixins.json:foundation.copycat.CopycatBlockMixin from mod copycats because it already exists in com.copycatsplus.copycats.content.copycat.wall.CopycatWallBlock
[14:59:09] [modloading-worker-0/WARN] [mixin/]: Discarding @Unique public method useWithoutItem in copycats-neoforge.mixins.json:foundation.copycat.CopycatBlockMixin from mod copycats because it already exists in com.copycatsplus.copycats.content.copycat.wall.CopycatWallBlock
[14:59:09] [modloading-worker-0/INFO] [ne.ra.vi.ViaRomana/]: Initializing Via Romana
[14:59:09] [modloading-worker-0/INFO] [ne.ra.vi.ViaRomana/]: Via Romana Data Anchored
[14:59:09] [modloading-worker-0/WARN] [mixin/]: Discarding @Unique public method rotate in copycats-neoforge.mixins.json:foundation.copycat.CopycatBlockMixin from mod copycats because it already exists in com.copycatsplus.copycats.content.copycat.shaft.CopycatShaftBlock
[14:59:09] [modloading-worker-0/WARN] [mixin/]: Discarding @Unique public method mirror in copycats-neoforge.mixins.json:foundation.copycat.CopycatBlockMixin from mod copycats because it already exists in com.copycatsplus.copycats.content.copycat.shaft.CopycatShaftBlock
[14:59:09] [modloading-worker-0/WARN] [mixin/]: Discarding @Unique public method useItemOn in copycats-neoforge.mixins.json:foundation.copycat.CopycatBlockMixin from mod copycats because it already exists in com.copycatsplus.copycats.content.copycat.shaft.CopycatShaftBlock
[14:59:09] [modloading-worker-0/WARN] [mixin/]: Discarding @Unique public method useWithoutItem in copycats-neoforge.mixins.json:foundation.copycat.CopycatBlockMixin from mod copycats because it already exists in com.copycatsplus.copycats.content.copycat.shaft.CopycatShaftBlock
[14:59:09] [modloading-worker-0/WARN] [mixin/]: Discarding @Unique public method rotate in copycats-neoforge.mixins.json:foundation.copycat.multistate.MultiStateCopycatBlockMixin from mod copycats because it already exists in com.copycatsplus.copycats.content.copycat.cogwheel.CopycatCogWheelBlock
[14:59:09] [modloading-worker-0/WARN] [mixin/]: Discarding @Unique public method mirror in copycats-neoforge.mixins.json:foundation.copycat.multistate.MultiStateCopycatBlockMixin from mod copycats because it already exists in com.copycatsplus.copycats.content.copycat.cogwheel.CopycatCogWheelBlock
[14:59:09] [modloading-worker-0/WARN] [mixin/]: Discarding @Unique public method useItemOn in copycats-neoforge.mixins.json:foundation.copycat.multistate.MultiStateCopycatBlockMixin from mod copycats because it already exists in com.copycatsplus.copycats.content.copycat.cogwheel.CopycatCogWheelBlock
[14:59:09] [modloading-worker-0/WARN] [mixin/]: Discarding @Unique public method useWithoutItem in copycats-neoforge.mixins.json:foundation.copycat.multistate.MultiStateCopycatBlockMixin from mod copycats because it already exists in com.copycatsplus.copycats.content.copycat.cogwheel.CopycatCogWheelBlock
[14:59:09] [modloading-worker-0/WARN] [mixin/]: Discarding @Unique public method rotate in copycats-neoforge.mixins.json:foundation.copycat.CopycatBlockMixin from mod copycats because it already exists in com.copycatsplus.copycats.content.copycat.fluid_pipe.CopycatFluidPipeBlock
[14:59:09] [modloading-worker-0/WARN] [mixin/]: Discarding @Unique public method mirror in copycats-neoforge.mixins.json:foundation.copycat.CopycatBlockMixin from mod copycats because it already exists in com.copycatsplus.copycats.content.copycat.fluid_pipe.CopycatFluidPipeBlock
[14:59:09] [modloading-worker-0/WARN] [mixin/]: Discarding @Unique public method useItemOn in copycats-neoforge.mixins.json:foundation.copycat.CopycatBlockMixin from mod copycats because it already exists in com.copycatsplus.copycats.content.copycat.fluid_pipe.CopycatFluidPipeBlock
[14:59:09] [modloading-worker-0/WARN] [mixin/]: Discarding @Unique public method useWithoutItem in copycats-neoforge.mixins.json:foundation.copycat.CopycatBlockMixin from mod copycats because it already exists in com.copycatsplus.copycats.content.copycat.fluid_pipe.CopycatFluidPipeBlock
[14:59:09] [modloading-worker-0/INFO] [ne.ra.vi.ViaRomana/]: Registering network packets
[14:59:09] [modloading-worker-0/WARN] [mixin/]: Discarding @Unique public method rotate in copycats-neoforge.mixins.json:foundation.copycat.CopycatBlockMixin from mod copycats because it already exists in com.copycatsplus.copycats.content.copycat.pane.CopycatPaneBlock
[14:59:09] [modloading-worker-0/WARN] [mixin/]: Discarding @Unique public method mirror in copycats-neoforge.mixins.json:foundation.copycat.CopycatBlockMixin from mod copycats because it already exists in com.copycatsplus.copycats.content.copycat.pane.CopycatPaneBlock
[14:59:09] [modloading-worker-0/WARN] [mixin/]: Discarding @Unique public method useItemOn in copycats-neoforge.mixins.json:foundation.copycat.CopycatBlockMixin from mod copycats because it already exists in com.copycatsplus.copycats.content.copycat.pane.CopycatPaneBlock
[14:59:09] [modloading-worker-0/WARN] [mixin/]: Discarding @Unique public method useWithoutItem in copycats-neoforge.mixins.json:foundation.copycat.CopycatBlockMixin from mod copycats because it already exists in com.copycatsplus.copycats.content.copycat.pane.CopycatPaneBlock
[14:59:09] [modloading-worker-0/WARN] [mixin/]: Discarding @Unique public method onLoad in copycats-neoforge.mixins.json:foundation.copycat.CopycatBlockEntityMixin from mod copycats because it already exists in com.copycatsplus.copycats.foundation.copycat.CCCopycatBlockEntity
[14:59:09] [modloading-worker-0/WARN] [mixin/]: Discarding @Unique public method onLoad in copycats-neoforge.mixins.json:foundation.copycat.multistate.MultiStateCopycatBlockEntityMixin from mod copycats because it already exists in com.copycatsplus.copycats.foundation.copycat.multistate.MultiStateCopycatBlockEntity
[14:59:09] [modloading-worker-0/WARN] [mixin/]: Discarding @Unique public method onLoad in copycats-neoforge.mixins.json:foundation.copycat.CopycatBlockEntityMixin from mod copycats because it already exists in com.copycatsplus.copycats.content.copycat.shaft.CopycatShaftBlockEntity
[14:59:09] [modloading-worker-0/WARN] [mixin/]: Discarding @Unique public method onLoad in copycats-neoforge.mixins.json:foundation.copycat.multistate.MultiStateCopycatBlockEntityMixin from mod copycats because it already exists in com.copycatsplus.copycats.content.copycat.cogwheel.CopycatCogWheelBlockEntity
[14:59:09] [modloading-worker-0/WARN] [mixin/]: Discarding @Unique public method onLoad in copycats-neoforge.mixins.json:foundation.copycat.CopycatBlockEntityMixin from mod copycats because it already exists in com.copycatsplus.copycats.content.copycat.fluid_pipe.CopycatFluidPipeBlockEntity
[14:59:09] [modloading-worker-0/WARN] [mixin/]: Discarding @Unique public method onLoad in copycats-neoforge.mixins.json:foundation.copycat.CopycatBlockEntityMixin from mod copycats because it already exists in com.copycatsplus.copycats.content.copycat.fluid_pipe.CopycatStraightPipeBlockEntity
[14:59:09] [modloading-worker-0/WARN] [mixin/]: Discarding @Unique public method onLoad in copycats-neoforge.mixins.json:foundation.copycat.CopycatBlockEntityMixin from mod copycats because it already exists in com.copycatsplus.copycats.content.copycat.sliding_door.CopycatSlidingDoorBlockEntity
[14:59:09] [modloading-worker-0/INFO] [YetAnotherConfigLib/]: Config file 'C:\Users\Windows\Documents\Codex\2026-07-10\goa\tmp\vvh-server-work-final4-20260808\server\config\yacl.json5' does not exist. Creating it with default values.
[14:59:09] [modloading-worker-0/INFO] [YetAnotherConfigLib/]: Serializing class dev.isxander.yacl3.platform.YACLConfig to 'C:\Users\Windows\Documents\Codex\2026-07-10\goa\tmp\vvh-server-work-final4-20260808\server\config\yacl.json5'
[14:59:10] [modloading-worker-0/INFO] [or.pa.po.PowerGrid/]: Power grid starting, prepare to be electrocuted
[14:59:10] [modloading-worker-0/INFO] [or.pa.po.PowerGrid/]: Extracted native binary 'libpowergridNative7.dll' from jar
[14:59:10] [modloading-worker-0/INFO] [or.pa.po.PowerGrid/]: Native backend loaded successfully
[14:59:10] [modloading-worker-0/INFO] [KubeJS Startup/]: startup_scripts:main.js#2: Hello, World! (Loaded startup example script)
[14:59:10] [modloading-worker-0/INFO] [KubeJS Startup/]: Loaded script startup_scripts:main.js in 0.159 s
[14:59:10] [modloading-worker-0/INFO] [KubeJS Startup/]: Loaded 1/1 KubeJS startup scripts in 2.356 s with 0 errors and 0 warnings
[14:59:10] [modloading-worker-0/INFO] [KubeJS Startup/]: Validated 0 files in kubejs/data/ in 2ms
[14:59:10] [modloading-worker-0/INFO] [co.va.ad.VampireSpellsAddon/]: Initializing Vampire Spells Addon...
[14:59:11] [modloading-worker-0/INFO] [Create: Interiors/]: Create: Interiors v0.6.1 initializing! Create version: 6.0.10 on platform: NeoForge
[14:59:11] [modloading-worker-0/INFO] [de.ry.sa.Sable/]: Sable loaded!
[14:59:11] [modloading-worker-0/INFO] [Create: Avionics/]: Loaded Create: Avionics
[14:59:11] [modloading-sync-worker/INFO] [de.te.va.co.BalanceBuilder/]: Building balance configuration with 25 modifications
[14:59:30] [modloading-sync-worker/INFO] [Moonlight/]: Initialized block sets in 149ms
[14:59:33] [modloading-sync-worker/ERROR] [minecraft/Util]: Entity cataclysm_spellbooks:extended_death_laser_beam has no attributes
[14:59:33] [modloading-sync-worker/ERROR] [minecraft/Util]: Entity cataclysm_spellbooks:extended_laser_beam has no attributes
[14:59:34] [modloading-sync-worker/INFO] [Moonlight/]: Sending changed configs to client
[14:59:34] [modloading-sync-worker/INFO] [Moonlight/]: Sending changed configs to client
[14:59:34] [modloading-sync-worker/INFO] [losttrinkets/]: Gathering Trinkets...
[14:59:34] [modloading-sync-worker/INFO] [losttrinkets/]: All: 68
[14:59:34] [modloading-sync-worker/INFO] [losttrinkets/]: Enabled: 68 Disabled: 0
[14:59:34] [modloading-sync-worker/INFO] [losttrinkets/]: Random: 68 Non-Random: 0
[14:59:34] [modloading-sync-worker/INFO] [Moonlight/]: Sending changed configs to client
[14:59:34] [modloading-sync-worker/INFO] [Moonlight/]: Sending changed configs to client
[14:59:34] [modloading-worker-0/INFO] [me.co.Mekanism/]: Version 10.7.19 initializing...
[14:59:34] [NeoForge Version Check/INFO] [ne.ne.fm.VersionChecker/]: [hordes] Starting version check at https://raw.githubusercontent.com/SmileycorpMC/The-Hordes/1.21/update.json
[14:59:34] [modloading-worker-0/INFO] [xa.li.XaeroLib/]: Loading XaeroLib common 1/2!
[14:59:34] [NeoForge Version Check/INFO] [ne.ne.fm.VersionChecker/]: [hordes] Found status: OUTDATED Current: 1.6.3c Target: 1.6.3d
[14:59:34] [NeoForge Version Check/INFO] [ne.ne.fm.VersionChecker/]: [atlaslib] Starting version check at https://raw.githubusercontent.com/SmileycorpMC/Atlas-Lib/1.21/update.json
[14:59:34] [NeoForge Version Check/WARN] [ne.ne.fm.VersionChecker/]: Failed to process update information
com.google.gson.JsonSyntaxException: com.google.gson.stream.MalformedJsonException: Unterminated object at line 7 column 3 path $.
	at MC-BOOTSTRAP/com.google.gson@2.10.1/com.google.gson.Gson.fromJson(Gson.java:1241) ~[gson-2.10.1.jar%2394!/:?] {re:mixin}
	at MC-BOOTSTRAP/com.google.gson@2.10.1/com.google.gson.Gson.fromJson(Gson.java:1137) ~[gson-2.10.1.jar%2394!/:?] {re:mixin}
	at MC-BOOTSTRAP/com.google.gson@2.10.1/com.google.gson.Gson.fromJson(Gson.java:1047) ~[gson-2.10.1.jar%2394!/:?] {re:mixin}
	at MC-BOOTSTRAP/com.google.gson@2.10.1/com.google.gson.Gson.fromJson(Gson.java:982) ~[gson-2.10.1.jar%2394!/:?] {re:mixin}
	at MC-BOOTSTRAP/fml_loader@4.0.42/net.neoforged.fml.VersionChecker$1.process(VersionChecker.java:167) ~[loader-4.0.42.jar%2359!/:4.0] {}
	at java.base/java.lang.Iterable.forEach(Iterable.java:75) [?:?] {re:mixin}
	at MC-BOOTSTRAP/fml_loader@4.0.42/net.neoforged.fml.VersionChecker$1.run(VersionChecker.java:105) [loader-4.0.42.jar%2359!/:4.0] {}
Caused by: com.google.gson.stream.MalformedJsonException: Unterminated object at line 7 column 3 path $.
	at MC-BOOTSTRAP/com.google.gson@2.10.1/com.google.gson.stream.JsonReader.syntaxError(JsonReader.java:1659) ~[gson-2.10.1.jar%2394!/:?] {}
	at MC-BOOTSTRAP/com.google.gson@2.10.1/com.google.gson.stream.JsonReader.doPeek(JsonReader.java:500) ~[gson-2.10.1.jar%2394!/:?] {}
	at MC-BOOTSTRAP/com.google.gson@2.10.1/com.google.gson.stream.JsonReader.hasNext(JsonReader.java:422) ~[gson-2.10.1.jar%2394!/:?] {}
	at MC-BOOTSTRAP/com.google.gson@2.10.1/com.google.gson.internal.bind.MapTypeAdapterFactory$Adapter.read(MapTypeAdapterFactory.java:183) ~[gson-2.10.1.jar%2394!/:?] {}
	at MC-BOOTSTRAP/com.google.gson@2.10.1/com.google.gson.internal.bind.MapTypeAdapterFactory$Adapter.read(MapTypeAdapterFactory.java:144) ~[gson-2.10.1.jar%2394!/:?] {}
	at MC-BOOTSTRAP/com.google.gson@2.10.1/com.google.gson.Gson.fromJson(Gson.java:1227) ~[gson-2.10.1.jar%2394!/:?] {re:mixin}
	... 6 more
[14:59:34] [NeoForge Version Check/INFO] [ne.ne.fm.VersionChecker/]: [enchantinginfuser] Starting version check at https://raw.githubusercontent.com/Fuzss/modresources/main/update/enchantinginfuser.json
[14:59:34] [NeoForge Version Check/INFO] [ne.ne.fm.VersionChecker/]: [enchantinginfuser] Found status: UP_TO_DATE Current: 21.1.4 Target: null
[14:59:34] [NeoForge Version Check/INFO] [ne.ne.fm.VersionChecker/]: [fragmentum] Starting version check at https://raw.githubusercontent.com/ObscuriaLithium/modding/main/versions/fragmentum.json
[14:59:34] [NeoForge Version Check/INFO] [ne.ne.fm.VersionChecker/]: [fragmentum] Found status: UP_TO_DATE Current: 2.2.4 Target: null
[14:59:34] [NeoForge Version Check/INFO] [ne.ne.fm.VersionChecker/]: [guideapi_vp] Starting version check at https://api.modrinth.com/updates/guide-api/forge_updates.json
[14:59:34] [modloading-worker-0/INFO] [me.co.Mekanism/]: Initialized HolidayManager.
[14:59:34] [modloading-worker-0/INFO] [me.co.Mekanism/]: Fake player readout: UUID = 46e82cd0-d480-3d48-800a-77431ede078e, name = [Mekanism]
[14:59:34] [modloading-worker-0/INFO] [me.co.Mekanism/]: Mod loaded.
[14:59:34] [modloading-worker-0/INFO] [me.co.Mekanism/]: Loaded 'Mekanism: Tools' module.
[14:59:34] [modloading-worker-0/INFO] [me.co.Mekanism/]: Loaded 'Mekanism: Additions' module.
[14:59:34] [modloading-worker-0/INFO] [me.co.Mekanism/]: Loaded 'Mekanism: Generators' module.
[14:59:35] [NeoForge Version Check/INFO] [ne.ne.fm.VersionChecker/]: [guideapi_vp] Found status: BETA Current: 2.3.0 Target: null
[14:59:35] [NeoForge Version Check/INFO] [ne.ne.fm.VersionChecker/]: [vampirism] Starting version check at https://api.modrinth.com/updates/vampirism/forge_updates.json
[14:59:35] [NeoForge Version Check/INFO] [ne.ne.fm.VersionChecker/]: [vampirism] Found status: BETA Current: 1.10.12 Target: null
[14:59:35] [NeoForge Version Check/INFO] [ne.ne.fm.VersionChecker/]: [vampirism_integrations] Starting version check at https://api.modrinth.com/updates/vampirism-integrations/forge_updates.json
[14:59:35] [NeoForge Version Check/INFO] [ne.ne.fm.VersionChecker/]: [vampirism_integrations] Found status: BETA Current: 1.10.2 Target: null
[14:59:35] [NeoForge Version Check/INFO] [ne.ne.fm.VersionChecker/]: [puzzleslib] Starting version check at https://raw.githubusercontent.com/Fuzss/modresources/main/update/puzzleslib.json
[14:59:35] [NeoForge Version Check/INFO] [ne.ne.fm.VersionChecker/]: [puzzleslib] Found status: OUTDATED Current: 21.1.51 Target: 21.1.52
[14:59:35] [NeoForge Version Check/INFO] [ne.ne.fm.VersionChecker/]: [chipped] Starting version check at https://api.modrinth.com/updates/BAscRYKm/forge_updates.json
[14:59:35] [NeoForge Version Check/INFO] [ne.ne.fm.VersionChecker/]: [chipped] Found status: BETA Current: 4.0.2 Target: null
[14:59:35] [NeoForge Version Check/INFO] [ne.ne.fm.VersionChecker/]: [mr_enchanting_infuseraddtreasureenchantements] Starting version check at https://api.modrinth.com/updates/u0YIG3pi/forge_updates.json?neoforge=only
[14:59:35] [NeoForge Version Check/INFO] [ne.ne.fm.VersionChecker/]: [mr_enchanting_infuseraddtreasureenchantements] Found status: OUTDATED Current: 1 Target: 1.21.1-v1+mod
[14:59:35] [NeoForge Version Check/INFO] [ne.ne.fm.VersionChecker/]: [computercraft] Starting version check at https://api.modrinth.com/updates/cc-tweaked/forge_updates.json
[14:59:35] [NeoForge Version Check/INFO] [ne.ne.fm.VersionChecker/]: [computercraft] Found status: BETA Current: 1.120.0 Target: null
[14:59:35] [NeoForge Version Check/INFO] [ne.ne.fm.VersionChecker/]: [copycats] Starting version check at https://raw.githubusercontent.com/copycats-plus/copycats/multiloader/update.json
[14:59:35] [NeoForge Version Check/INFO] [ne.ne.fm.VersionChecker/]: [copycats] Found status: AHEAD Current: 3.0.4+mc.1.21.1-neoforge Target: null
[14:59:35] [NeoForge Version Check/INFO] [ne.ne.fm.VersionChecker/]: [create] Starting version check at https://api.modrinth.com/updates/create/forge_updates.json?neoforge=only
[14:59:35] [modloading-worker-0/INFO] [co.va.ad.VampireSpellsAddon/]: Vampire Spells Addon common setup complete!
[14:59:35] [modloading-sync-worker/INFO] [Supplementaries/]: Finished mod setup in: [17, 1, 8, 1, 2, 1] ms
[14:59:35] [NeoForge Version Check/INFO] [ne.ne.fm.VersionChecker/]: [create] Found status: OUTDATED Current: 6.0.10 Target: 6.0.10+mc1.21.1
[14:59:35] [NeoForge Version Check/INFO] [ne.ne.fm.VersionChecker/]: [sliceanddice] Starting version check at https://api.modrinth.com/updates/slice-and-dice/forge_updates.json?neoforge=only
[14:59:35] [NeoForge Version Check/INFO] [ne.ne.fm.VersionChecker/]: [sliceanddice] Found status: OUTDATED Current: 4.2.4 Target: 4.3.3
[14:59:35] [NeoForge Version Check/INFO] [ne.ne.fm.VersionChecker/]: [create_avionics] Starting version check at https://raw.githubusercontent.com/SolAstrius/CreateAvionics/main/updates.json
[14:59:36] [NeoForge Version Check/INFO] [ne.ne.fm.VersionChecker/]: [create_avionics] Found status: OUTDATED Current: 0.5.1 Target: 0.5.2
[14:59:36] [modloading-sync-worker/INFO] [Moonlight/]: Initialized color sets in 349ms
[14:59:36] [modloading-sync-worker/ERROR] [Moonlight/]: Fabric API detected! This is not a Fabric mod, so please don't report related issues to MoonlightLib or its dependent(s). This can usually happen when using Connector, or when using a mod that does NOT have a native Neoforge implementation. This can easily lead to poor compatibility and other bizarre issues. Proceed at your own risk. 
 Mods that bundle Fabric API: [forgified-fabric-api-0.116.7+2.2.4+1.21.1.jar]
[14:59:36] [modloading-sync-worker/INFO] [co.va.ad.VampireSpellsAddon/]: Vampirism API detected successfully
[14:59:36] [modloading-sync-worker/ERROR] [co.va.ad.VampireSpellsAddon/]: Iron's Spells API not found! This addon requires Iron's Spells 'n Spellbooks to be installed.
[14:59:36] [modloading-worker-0/INFO] [xa.li.XaeroLib/]: Loading XaeroLib server 1/2!
[14:59:36] [modloading-worker-0/INFO] [xa.ma.se.WorldMapServer/]: Loading Xaero's World Map - Stage 1/2 (Server)
[14:59:36] [modloading-worker-0/INFO] [Di.se.di.co.AbstractModInitializer_neoforge/]: Initializing Distant Horizons server, firing DhApiBeforeDhInitEvent event...
[14:59:36] [modloading-worker-0/INFO] [Di.se.di.co.Initializer/]: Running library validation...
[14:59:36] [modloading-worker-0/INFO] [Di.se.di.co.AbstractModInitializer_neoforge/]: Distant Horizons, Version: 3.2.0-b
[14:59:36] [modloading-worker-0/INFO] [Di.se.di.co.AbstractModInitializer_neoforge/]: Skipping mod compatibility accessor for: [optifine]
[14:59:36] [modloading-worker-0/INFO] [Di.se.di.co.AbstractModInitializer_neoforge/]: Skipping mod compatibility accessor for: [c2me]
[14:59:36] [modloading-worker-0/INFO] [Di.se.di.co.AbstractModInitializer_neoforge/]: Skipping mod compatibility accessor for: [immersive_portals]
[14:59:36] [modloading-worker-0/INFO] [Di.se.di.co.AbstractModInitializer_neoforge/]: Skipping mod compatibility accessor for: [iris]
[14:59:36] [modloading-worker-0/INFO] [Di.se.di.co.AbstractModInitializer_neoforge/]: Distant Horizons server Initialized, adding event subscribers...
[14:59:36] [modloading-sync-worker/INFO] [xa.li.XaeroLib/]: Loading XaeroLib common 2/2!
[14:59:36] [modloading-sync-worker/INFO] [xa.li.XaeroLib/]: Loading XaeroLib server 2/2!
[14:59:36] [modloading-sync-worker/INFO] [xa.ma.se.WorldMapServer/]: Loading Xaero's World Map - Stage 2/2 (Server)
[14:59:36] [modloading-sync-worker/INFO] [hordes/]: boingus
[14:59:37] [modloading-worker-0/INFO] [io.re.ir.IronsSpellbooks/]: Got IMC []
[14:59:37] [modloading-worker-0/INFO] [sn.ja.Jade/]: Start loading plugin from io.github.mortuusars.exposure.integration.jade.ExposureJadePlugin
[14:59:37] [modloading-worker-0/INFO] [sn.ja.Jade/]: Start loading plugin from net.mehvahdjukaar.supplementaries.integration.JadeCompat
[14:59:37] [modloading-worker-0/INFO] [sn.ja.Jade/]: Start loading plugin from snownee.jade.addon.JadeAddonsBase
[14:59:37] [modloading-worker-0/INFO] [sn.ja.Jade/]: Start loading plugin from com.dooji.underlay.client.jade.UnderlayJadePlugin
[14:59:37] [modloading-worker-0/INFO] [sn.ja.Jade/]: Start loading plugin from mekanism.common.integration.lookingat.jade.MekanismJadePlugin
[14:59:37] [modloading-worker-0/INFO] [sn.ja.Jade/]: Start loading plugin from de.teamlapen.vampirism_integrations.jade.JadePlugin
[14:59:37] [modloading-worker-0/INFO] [sn.ja.Jade/]: Start loading plugin from noobanidus.mods.lootr.common.integration.jade.LootrWailaPlugin
[14:59:37] [modloading-worker-0/INFO] [sn.ja.Jade/]: Start loading plugin from snownee.jade.addon.vanilla.VanillaPlugin
[14:59:37] [modloading-worker-0/INFO] [sn.ja.Jade/]: Start loading plugin from snownee.jade.addon.universal.UniversalPlugin
[14:59:37] [modloading-worker-0/INFO] [sn.ja.Jade/]: Start loading plugin from snownee.jade.addon.debug.DebugPlugin
[14:59:37] [modloading-worker-0/INFO] [sn.ja.Jade/]: Start loading plugin from snownee.jade.addon.core.CorePlugin
[14:59:37] [modloading-worker-0/INFO] [sn.ja.Jade/]: Start loading plugin from snownee.jade.addon.access.AccessibilityPlugin
[14:59:38] [modloading-sync-worker/ERROR] [ne.ne.fm.co.as.RuntimeDistCleaner/DISTXFORM]: Attempted to load class net/minecraft/client/gui/screens/Screen for invalid dist DEDICATED_SERVER
[14:59:39] [main/INFO] [mojang/YggdrasilAuthenticationService]: Environment: Environment[sessionHost=https://sessionserver.mojang.com, servicesHost=https://api.minecraftservices.com, name=PROD]
[14:59:39] [main/INFO] [rechiseled/]: 1 chiseling plugins were registered: [rechiseled:datapacks]
[14:59:41] [main/INFO] [co.si.cr.Create/]: Created 301 recipes which will be injected into the game
[14:59:41] [main/INFO] [co.si.cr.Create/]: Created 39 tags which will be injected into the game
[14:59:41] [main/INFO] [pl.dr.cr.da.ru.RuntimePackResources/]: Starting provider [plus.dragons.createdragonsplus.data.internal.CDPRuntimeRecipeProvider@407d9fcd] for runtime resource [create_dragons_plus:runtime]
[14:59:41] [main/INFO] [pl.dr.cr.da.ru.RuntimePackResources/]: plus.dragons.createdragonsplus.data.internal.CDPRuntimeRecipeProvider@407d9fcd finished after 69 ms
[14:59:41] [main/INFO] [pl.dr.cr.da.ru.RuntimePackResources/]: Starting provider [plus.dragons.createcentralkitchen.data.CCKBlockTags@360d4124] for runtime resource [create_central_kitchen:runtime]
[14:59:41] [main/INFO] [pl.dr.cr.da.ru.RuntimePackResources/]: plus.dragons.createcentralkitchen.data.CCKBlockTags@360d4124 finished after 25 ms
[14:59:41] [main/INFO] [pl.dr.cr.da.ru.RuntimePackResources/]: Starting provider [plus.dragons.createcentralkitchen.data.CCKItemTags@3a095b79] for runtime resource [create_central_kitchen:runtime]
[14:59:41] [main/INFO] [pl.dr.cr.da.ru.RuntimePackResources/]: plus.dragons.createcentralkitchen.data.CCKItemTags@3a095b79 finished after 3 ms
[14:59:41] [main/INFO] [minecraft/MinecraftServer]: Found new data pack generated/fragmentum_layer, loading it automatically
[14:59:41] [main/INFO] [minecraft/MinecraftServer]: Found new data pack C:\Users\Windows\Documents\Codex\2026-07-10\goa\tmp\vvh-server-work-final4-20260808\server\config\hordes, loading it automatically
[14:59:41] [main/INFO] [minecraft/MinecraftServer]: Found new data pack supplementaries:generated_pack, loading it automatically
[14:59:41] [main/INFO] [minecraft/MinecraftServer]: Found new data pack modcompat, loading it automatically
[14:59:41] [main/INFO] [minecraft/MinecraftServer]: Found new data pack mod/burnt:datapacks/compat, loading it automatically
[14:59:41] [main/INFO] [minecraft/MinecraftServer]: Found new data pack amendments:generated_server_pack, loading it automatically
[14:59:41] [main/INFO] [minecraft/MinecraftServer]: Found new data pack create:dynamic_data, loading it automatically
[14:59:41] [main/INFO] [minecraft/MinecraftServer]: Found new data pack create_dragons_plus:runtime, loading it automatically
[14:59:41] [main/INFO] [minecraft/MinecraftServer]: Found new data pack create_central_kitchen:runtime, loading it automatically
[14:59:41] [main/INFO] [minecraft/MinecraftServer]: Found new data pack via_romana:dynamic_tags, loading it automatically
[14:59:41] [main/INFO] [KubeJS Server/]: Loaded script server_scripts:crafting.js in 0.018 s
[14:59:41] [main/INFO] [KubeJS Server/]: Loaded 1/1 KubeJS server scripts in 0.086 s with 0 errors and 0 warnings
[14:59:41] [main/INFO] [Moonlight/]: Starting Legacy Runtime Resource Generation for pack type SERVER_DATA with generators from mods [via_romana]: [net.rasanovum.viaromana.tags.ServerResourcesGenerator@352c99e4]
[14:59:41] [main/INFO] [Moonlight/]: Generating runtime assets for pack via_romana:dynamic_tags (via_romana)
[14:59:41] [pool-14-thread-1/INFO] [ne.ra.vi.ViaRomana/]: Successfully generated dynamic tags
[14:59:41] [pool-14-thread-1/INFO] [ne.ra.vi.ViaRomana/]: Successfully regenerated dynamic server resources.
[14:59:41] [main/INFO] [ne.ra.vi.ViaRomana/]: Generated runtime SERVER_DATA for pack via_romana:dynamic_tags (via_romana) in: 179 ms (multithreaded)
[14:59:41] [main/INFO] [Moonlight/]: Finished Legacy Runtime Resources Generation for 1 packs in a total of 180 ms
[14:59:41] [main/INFO] [Moonlight/]: Resource cache state for SERVER_DATA: needs regeneration
[14:59:41] [main/INFO] [Moonlight/]: Cleared cache pack resources at C:\Users\Windows\Documents\Codex\2026-07-10\goa\tmp\vvh-server-work-final4-20260808\server\dynamic-data-pack-cache\supplementaries-generated_pack in 1.963 ms
[14:59:41] [main/INFO] [Moonlight/]: Starting runtime resource generation for pack type SERVER_DATA with generators [supplementaries:generated_pack, amendments:generated_server_pack]
[14:59:41] [main/INFO] [Moonlight/]: Regenerating Dynamic SERVER_DATA Resources Provider [supplementaries:generated_pack], requested by strategy CACHED_FOLDER
[14:59:41] [pool-12-thread-1/WARN] [Supplementaries/]: Could not find Sign for wood burnt:blazing. Does this block even exist? It should! Skipping way sign recipe generation
[14:59:41] [pool-12-thread-1/WARN] [Supplementaries/]: Could not find Sign for wood burnt:burnt. Does this block even exist? It should! Skipping way sign recipe generation
[14:59:41] [pool-12-thread-1/WARN] [Supplementaries/]: Could not find Sign for wood burnt:burnt_bamboo. Does this block even exist? It should! Skipping way sign recipe generation
[14:59:41] [pool-12-thread-1/WARN] [Supplementaries/]: Could not find Sign for wood cataclysm:chorus. Does this block even exist? It should! Skipping way sign recipe generation
[14:59:41] [pool-12-thread-1/WARN] [Supplementaries/]: Could not find Sign for wood burnt:ember. Does this block even exist? It should! Skipping way sign recipe generation
[14:59:41] [pool-12-thread-1/WARN] [Supplementaries/]: Could not find Sign for wood burnt:smoldering. Does this block even exist? It should! Skipping way sign recipe generation
[14:59:41] [pool-12-thread-1/WARN] [Supplementaries/]: Could not find Sign for wood burnt:smoldering_bamboo. Does this block even exist? It should! Skipping way sign recipe generation
[14:59:41] [pool-12-thread-1/WARN] [Supplementaries/]: Could not find Sign for wood burnt:sooty_acacia. Does this block even exist? It should! Skipping way sign recipe generation
[14:59:41] [pool-12-thread-1/WARN] [Supplementaries/]: Could not find Sign for wood burnt:sooty_birch. Does this block even exist? It should! Skipping way sign recipe generation
[14:59:41] [pool-12-thread-1/WARN] [Supplementaries/]: Could not find Sign for wood burnt:sooty_cherry. Does this block even exist? It should! Skipping way sign recipe generation
[14:59:41] [pool-12-thread-1/WARN] [Supplementaries/]: Could not find Sign for wood burnt:sooty_dark_oak. Does this block even exist? It should! Skipping way sign recipe generation
[14:59:41] [pool-12-thread-1/WARN] [Supplementaries/]: Could not find Sign for wood burnt:sooty_jungle. Does this block even exist? It should! Skipping way sign recipe generation
[14:59:41] [pool-12-thread-1/WARN] [Supplementaries/]: Could not find Sign for wood burnt:sooty_mangrove. Does this block even exist? It should! Skipping way sign recipe generation
[14:59:41] [pool-12-thread-1/WARN] [Supplementaries/]: Could not find Sign for wood burnt:sooty_oak. Does this block even exist? It should! Skipping way sign recipe generation
[14:59:41] [pool-12-thread-1/WARN] [Supplementaries/]: Could not find Sign for wood burnt:sooty_spruce. Does this block even exist? It should! Skipping way sign recipe generation
[14:59:41] [pool-12-thread-1/INFO] [Supplementaries/]: Generated 12 sign post recipes
[14:59:42] [main/INFO] [Moonlight/]: Generated runtime SERVER_DATA for pack supplementaries:generated_pack in 250.9 ms
[14:59:42] [main/INFO] [Moonlight/]: Populated search tree for pack at C:\Users\Windows\Documents\Codex\2026-07-10\goa\tmp\vvh-server-work-final4-20260808\server\dynamic-data-pack-cache\supplementaries-generated_pack in 7.683 ms
[14:59:42] [main/INFO] [Moonlight/]: Regenerating Dynamic SERVER_DATA Resources Provider [amendments:generated_server_pack], requested by strategy REGEN_ON_EVERY_RELOAD
[14:59:42] [main/INFO] [Moonlight/]: Generated runtime SERVER_DATA for pack amendments:generated_server_pack in 3.868 ms
[14:59:42] [main/INFO] [Moonlight/]: Finished runtime resources generation for 2 packs in a total of 292.8 ms 
[14:59:43] [main/INFO] [de.te.va.wo.bi.OverworldModifications/]: Adding biome vampirism:vampire_forest to ParameterPoints [ParameterPoint[temperature=[-4000--1900], humidity=[1000-3000], continentalness=[-1100-5500], erosion=[-3750--2225], depth=0, weirdness=[-5666--500], offset=0], ParameterPoint[temperature=[-4000--1900], humidity=[1000-3000], continentalness=[-1100-5500], erosion=[-3750--2225], depth=0, weirdness=[500-4000], offset=0]] in Preset.OVERWORLD
[14:59:44] [main/INFO] [minecraft/Main]: No existing world data, creating new world
[14:59:48] [Worker-Main-5/ERROR] [minecraft/LootDataType]: Couldn't parse element ResourceKey[minecraft:root / minecraft:loot_table]:irons_spellbooks:test/ring_gen_break_me - Unknown registry key in ResourceKey[minecraft:root / irons_spellbooks:spells]: minecraft:none
[14:59:53] [Worker-Main-1/ERROR] [minecraft/TagLoader]: Couldn't read tag list sable:bouncy from sable:tags/block/bouncy.json in data pack mod/sablephysicscompat
java.lang.NullPointerException: Cannot invoke "com.google.gson.JsonElement.getAsJsonPrimitive()" because "input" is null
	at MC-BOOTSTRAP/datafixerupper@8.0.16/com.mojang.serialization.JsonOps.convertTo(JsonOps.java:50) ~[datafixerupper-8.0.16.jar%23100!/:?] {re:mixin}
	at MC-BOOTSTRAP/datafixerupper@8.0.16/com.mojang.serialization.JsonOps.convertTo(JsonOps.java:24) ~[datafixerupper-8.0.16.jar%23100!/:?] {re:mixin}
	at TRANSFORMER/supermartijn642corelib@1.1.21/com.supermartijn642.core.codec.CodecHelper$1.decode(CodecHelper.java:35) ~[supermartijn642corelib-1.1.21-neoforge-mc1.21.jar%23371!/:?] {re:classloading}
	at MC-BOOTSTRAP/datafixerupper@8.0.16/com.mojang.serialization.codecs.EitherCodec.decode(EitherCodec.java:14) ~[datafixerupper-8.0.16.jar%23100!/:?] {}
	at MC-BOOTSTRAP/datafixerupper@8.0.16/com.mojang.serialization.Decoder$2.decode(Decoder.java:63) ~[datafixerupper-8.0.16.jar%23100!/:?] {}
	at MC-BOOTSTRAP/datafixerupper@8.0.16/com.mojang.serialization.Codec$2.decode(Codec.java:75) ~[datafixerupper-8.0.16.jar%23100!/:?] {}
	at MC-BOOTSTRAP/datafixerupper@8.0.16/com.mojang.serialization.codecs.ListCodec$DecoderState.accept(ListCodec.java:74) ~[datafixerupper-8.0.16.jar%23100!/:?] {}
	at MC-BOOTSTRAP/datafixerupper@8.0.16/com.mojang.serialization.JsonOps.lambda$getList$21(JsonOps.java:283) ~[datafixerupper-8.0.16.jar%23100!/:?] {re:mixin}
	at MC-BOOTSTRAP/datafixerupper@8.0.16/com.mojang.serialization.codecs.ListCodec.lambda$decode$2(ListCodec.java:45) ~[datafixerupper-8.0.16.jar%23100!/:?] {}
	at MC-BOOTSTRAP/datafixerupper@8.0.16/com.mojang.serialization.DataResult$Success.flatMap(DataResult.java:201) ~[datafixerupper-8.0.16.jar%23100!/:?] {}
	at MC-BOOTSTRAP/datafixerupper@8.0.16/com.mojang.serialization.codecs.ListCodec.decode(ListCodec.java:43) ~[datafixerupper-8.0.16.jar%23100!/:?] {}
	at MC-BOOTSTRAP/datafixerupper@8.0.16/com.mojang.serialization.Decoder.parse(Decoder.java:18) ~[datafixerupper-8.0.16.jar%23100!/:?] {re:mixin}
	at MC-BOOTSTRAP/datafixerupper@8.0.16/com.mojang.serialization.codecs.FieldDecoder.decode(FieldDecoder.java:29) ~[datafixerupper-8.0.16.jar%23100!/:?] {}
	at MC-BOOTSTRAP/datafixerupper@8.0.16/com.mojang.serialization.MapCodec$2.decode(MapCodec.java:77) ~[datafixerupper-8.0.16.jar%23100!/:?] {}
	at MC-BOOTSTRAP/datafixerupper@8.0.16/com.mojang.serialization.codecs.RecordCodecBuilder$Instance$5.decode(RecordCodecBuilder.java:323) ~[datafixerupper-8.0.16.jar%23100!/:?] {}
	at MC-BOOTSTRAP/datafixerupper@8.0.16/com.mojang.serialization.codecs.RecordCodecBuilder$2.decode(RecordCodecBuilder.java:107) ~[datafixerupper-8.0.16.jar%23100!/:?] {}
	at MC-BOOTSTRAP/datafixerupper@8.0.16/com.mojang.serialization.MapDecoder.lambda$compressedDecode$1(MapDecoder.java:52) ~[datafixerupper-8.0.16.jar%23100!/:?] {re:mixin}
	at MC-BOOTSTRAP/datafixerupper@8.0.16/com.mojang.serialization.DataResult$Success.flatMap(DataResult.java:201) ~[datafixerupper-8.0.16.jar%23100!/:?] {}
	at MC-BOOTSTRAP/datafixerupper@8.0.16/com.mojang.serialization.MapDecoder.compressedDecode(MapDecoder.java:52) ~[datafixerupper-8.0.16.jar%23100!/:?] {re:mixin}
	at MC-BOOTSTRAP/datafixerupper@8.0.16/com.mojang.serialization.MapCodec$MapCodecCodec.decode(MapCodec.java:158) ~[datafixerupper-8.0.16.jar%23100!/:?] {}
	at MC-BOOTSTRAP/datafixerupper@8.0.16/com.mojang.serialization.Decoder.decode(Decoder.java:22) ~[datafixerupper-8.0.16.jar%23100!/:?] {re:mixin}
	at MC-BOOTSTRAP/datafixerupper@8.0.16/com.mojang.serialization.Decoder.parse(Decoder.java:26) ~[datafixerupper-8.0.16.jar%23100!/:?] {re:mixin}
	at TRANSFORMER/minecraft@1.21.1/net.minecraft.tags.TagLoader.load(TagLoader.java:53) ~[server-1.21.1-20240808.144430-srg.jar%23252!/:?] {re:mixin,pl:connector_pre_launch:A,re:classloading,pl:mixin:APP:supermartijn642corelib.mixins.json:TagLoaderMixin from mod supermartijn642corelib,pl:mixin:APP:kubejs.mixins.json:TagLoaderMixin from mod kubejs,pl:mixin:APP:owo.mixins.json:TagGroupLoaderMixin from mod owo,pl:mixin:A,pl:connector_pre_launch:A}
	at TRANSFORMER/minecraft@1.21.1/net.minecraft.tags.TagLoader.loadAndBuild(TagLoader.java:118) ~[server-1.21.1-20240808.144430-srg.jar%23252!/:?] {re:mixin,pl:connector_pre_launch:A,re:classloading,pl:mixin:APP:supermartijn642corelib.mixins.json:TagLoaderMixin from mod supermartijn642corelib,pl:mixin:APP:kubejs.mixins.json:TagLoaderMixin from mod kubejs,pl:mixin:APP:owo.mixins.json:TagGroupLoaderMixin from mod owo,pl:mixin:A,pl:connector_pre_launch:A}
	at TRANSFORMER/minecraft@1.21.1/net.minecraft.tags.TagManager.lambda$createLoader$3(TagManager.java:46) ~[server-1.21.1-20240808.144430-srg.jar%23252!/:?] {re:mixin,pl:connector_pre_launch:A,re:classloading,pl:mixin:APP:supermartijn642corelib.mixins.json:TagManagerMixin from mod supermartijn642corelib,pl:mixin:APP:fabric-resource-conditions-api-v1.mixins.json:TagManagerLoaderMixin from mod fabric_resource_conditions_api_v1,pl:mixin:APP:vampirism.mixins.json:accessor.TagManagerAccessor from mod vampirism,pl:mixin:APP:kubejs.mixins.json:TagManagerMixin from mod kubejs,pl:mixin:APP:fabric-resource-loader-v0.mixins.json:KeyedResourceReloadListenerMixin from mod fabric_resource_loader_v0,pl:mixin:A,pl:connector_pre_launch:A}
	at java.base/java.util.concurrent.CompletableFuture$AsyncSupply.run(CompletableFuture.java:1768) [?:?] {}
	at java.base/java.util.concurrent.CompletableFuture$AsyncSupply.exec(CompletableFuture.java:1760) [?:?] {}
	at java.base/java.util.concurrent.ForkJoinTask.doExec(ForkJoinTask.java:387) [?:?] {}
	at java.base/java.util.concurrent.ForkJoinPool$WorkQueue.topLevelExec(ForkJoinPool.java:1312) [?:?] {}
	at java.base/java.util.concurrent.ForkJoinPool.scan(ForkJoinPool.java:1843) [?:?] {re:mixin,re:computing_frames}
	at java.base/java.util.concurrent.ForkJoinPool.runWorker(ForkJoinPool.java:1808) [?:?] {re:mixin,re:computing_frames}
	at java.base/java.util.concurrent.ForkJoinWorkerThread.run(ForkJoinWorkerThread.java:188) [?:?] {re:mixin}
[14:59:54] [Worker-Main-5/ERROR] [minecraft/TagLoader]: Couldn't load tag minecraft:undead as it is missing following references: 
	cataclysm_spellbooks:summoned_draugr (from mod/cataclysm_spellbooks)
	cataclysm_spellbooks:summoned_royal_draugr (from mod/cataclysm_spellbooks)
	cataclysm_spellbooks:summoned_elite_draugr (from mod/cataclysm_spellbooks)
[14:59:54] [Worker-Main-5/ERROR] [minecraft/TagLoader]: Couldn't load tag minecraft:sensitive_to_smite as it is missing following references: 
	#minecraft:undead (from vanilla)
[14:59:54] [Worker-Main-5/ERROR] [minecraft/TagLoader]: Couldn't load tag minecraft:can_breathe_under_water as it is missing following references: 
	#minecraft:undead (from vanilla)
[14:59:54] [Worker-Main-5/ERROR] [minecraft/TagLoader]: Couldn't load tag minecraft:inverted_healing_and_harm as it is missing following references: 
	#minecraft:undead (from vanilla)
[14:59:54] [Worker-Main-5/ERROR] [minecraft/TagLoader]: Couldn't load tag minecraft:powder_snow_walkable_mobs as it is missing following references: 
	cataclysm_spellbooks:summoned_draugr (from mod/cataclysm_spellbooks)
	cataclysm_spellbooks:summoned_elite_draugr (from mod/cataclysm_spellbooks)
	cataclysm_spellbooks:summoned_royal_draugr (from mod/cataclysm_spellbooks)
[14:59:54] [Worker-Main-5/ERROR] [minecraft/TagLoader]: Couldn't load tag minecraft:wither_friends as it is missing following references: 
	#minecraft:undead (from vanilla)
[14:59:54] [Worker-Main-5/ERROR] [minecraft/TagLoader]: Couldn't load tag minecraft:ignores_poison_and_regen as it is missing following references: 
	#minecraft:undead (from vanilla)
[14:59:56] [Worker-Main-3/WARN] [GeckoLib/]: Unsupported geometry json version: 1.21.0 for model block_factorys_bosses:geo/entity/sandworm.geo.json. Supported versions: 1.12.0. Remove any rotated face UVs and re-export the model to fix
[14:59:57] [main/ERROR] [KubeJS/]: Couldn't load tag minecraft:undead as it is missing following references: 
	cataclysm_spellbooks:summoned_draugr (from mod/cataclysm_spellbooks)
	cataclysm_spellbooks:summoned_royal_draugr (from mod/cataclysm_spellbooks)
	cataclysm_spellbooks:summoned_elite_draugr (from mod/cataclysm_spellbooks)
[14:59:57] [main/ERROR] [KubeJS/]: Couldn't load tag minecraft:sensitive_to_smite as it is missing following references: 
	#minecraft:undead (from vanilla)
[14:59:57] [main/ERROR] [KubeJS/]: Couldn't load tag minecraft:can_breathe_under_water as it is missing following references: 
	#minecraft:undead (from vanilla)
[14:59:57] [main/ERROR] [KubeJS/]: Couldn't load tag minecraft:inverted_healing_and_harm as it is missing following references: 
	#minecraft:undead (from vanilla)
[14:59:57] [main/ERROR] [KubeJS/]: Couldn't load tag minecraft:powder_snow_walkable_mobs as it is missing following references: 
	cataclysm_spellbooks:summoned_draugr (from mod/cataclysm_spellbooks)
	cataclysm_spellbooks:summoned_elite_draugr (from mod/cataclysm_spellbooks)
	cataclysm_spellbooks:summoned_royal_draugr (from mod/cataclysm_spellbooks)
[14:59:57] [main/ERROR] [KubeJS/]: Couldn't load tag minecraft:wither_friends as it is missing following references: 
	#minecraft:undead (from vanilla)
[14:59:57] [main/ERROR] [KubeJS/]: Couldn't load tag minecraft:ignores_poison_and_regen as it is missing following references: 
	#minecraft:undead (from vanilla)
[14:59:57] [main/WARN] [minecraft/MappedRegistry]: Not all defined tags for registry ResourceKey[minecraft:root / minecraft:entity_type] are present in data pack: minecraft:sensitive_to_smite
[14:59:57] [main/WARN] [minecraft/MappedRegistry]: Not all defined tags for registry ResourceKey[minecraft:root / minecraft:block] are present in data pack: c:incorrect_for_silver_tool, cataclysm:needs_black_steel_tool, cataclysm:needs_monstrosity_tool
[14:59:58] [main/INFO] [KubeJS Server/]: Processing recipes...
[14:59:58] [main/INFO] [KubeJS Server/]: Initializing recipe event...
[14:59:58] [main/WARN] [minecraft/RecipeManager]: Skipping recipe vampirism:soil/cursed_earth_path, unknown type: botanypots:block_derived_soil
[14:59:58] [main/WARN] [KubeJS Server/]: RecipeComponentValue.java#102: Failed to parse recipe 'interiors:crafting/chair/yellow_chair_from_other_chair[minecraft:crafting_shapeless]' @ [ingredients][1]! Falling back to vanilla: Invalid component ingredients: ingredient[] - Component 'ingredient' is not allowed to be empty!
[14:59:58] [main/WARN] [KubeJS Server/]: RecipeComponentValue.java#102: Failed to parse recipe 'interiors:crafting/chair/purple_chair_from_other_chair[minecraft:crafting_shapeless]' @ [ingredients][1]! Falling back to vanilla: Invalid component ingredients: ingredient[] - Component 'ingredient' is not allowed to be empty!
[14:59:58] [main/WARN] [minecraft/RecipeManager]: Skipping recipe vampiresdelight:soil/bloody_soil_farmland, unknown type: botanypots:block_derived_soil
[14:59:58] [main/WARN] [KubeJS Server/]: RecipeComponentValue.java#102: Failed to parse recipe 'interiors:crafting/floor_chair/red_floor_chair_from_other_floor_chair[minecraft:crafting_shapeless]' @ [ingredients][1]! Falling back to vanilla: Invalid component ingredients: ingredient[] - Component 'ingredient' is not allowed to be empty!
[14:59:58] [main/WARN] [KubeJS Server/]: KubeRecipe.java#90: Failed to parse recipe 'cataclysm_spellbooks:the_combuster_upgrade[minecraft:crafting_shapeless]'! Falling back to vanilla: Failed to read required component 'result: item_stack' - java.lang.IllegalStateException: Unknown registry key in ResourceKey[minecraft:root / minecraft:item]: cataclysm_spellbooks:the_combuster
[14:59:58] [main/WARN] [minecraft/RecipeManager]: Skipping recipe vampiresdelight:interaction/till_cursed_earth, unknown type: botanypots:pot_interaction
[14:59:58] [main/WARN] [KubeJS Server/]: KubeRecipe.java#90: Failed to parse recipe 'cataclysm_spellbooks:excel_upgrade_cooldown[minecraft:crafting_shaped]'! Falling back to vanilla: Failed to read required component 'result: item_stack' - java.lang.IllegalStateException: Unknown registry key in ResourceKey[minecraft:root / minecraft:item]: cataclysm_spellbooks:excel_upgrade_cooldown
[14:59:58] [main/WARN] [KubeJS Server/]: RecipeComponentValue.java#102: Failed to parse recipe 'interiors:crafting/floor_chair/black_floor_chair_from_other_floor_chair[minecraft:crafting_shapeless]' @ [ingredients][1]! Falling back to vanilla: Invalid component ingredients: ingredient[] - Component 'ingredient' is not allowed to be empty!
[14:59:58] [main/WARN] [KubeJS Server/]: KubeRecipe.java#90: Failed to parse recipe 'cataclysm_spellbooks:engineers_power_glove[minecraft:crafting_shaped]'! Falling back to vanilla: Failed to read required component 'result: item_stack' - java.lang.IllegalStateException: Unknown registry key in ResourceKey[minecraft:root / minecraft:item]: cataclysm_spellbooks:engineers_power_glove
[14:59:58] [main/WARN] [minecraft/RecipeManager]: Skipping recipe vampiresdelight:interaction/till_bloody_soil, unknown type: botanypots:pot_interaction
[14:59:58] [main/WARN] [KubeJS Server/]: RecipeComponentValue.java#102: Failed to parse recipe 'burnt:burnt_planks_craft[minecraft:crafting_shapeless]' @ [ingredients][0]! Falling back to vanilla: Invalid component ingredients: ingredient[] - Component 'ingredient' is not allowed to be empty!
[14:59:58] [main/WARN] [KubeJS Server/]: RecipeComponentValue.java#102: Failed to parse recipe 'interiors:crafting/chair/brown_chair_from_other_chair[minecraft:crafting_shapeless]' @ [ingredients][1]! Falling back to vanilla: Invalid component ingredients: ingredient[] - Component 'ingredient' is not allowed to be empty!
[14:59:58] [main/WARN] [KubeJS Server/]: RecipeComponentValue.java#102: Failed to parse recipe 'bellsandwhistles:metro/metro_window[minecraft:crafting_shapeless]' @ [ingredients][1]! Falling back to vanilla: Invalid component ingredients: ingredient[] - Component 'ingredient' is not allowed to be empty!
[14:59:58] [main/WARN] [KubeJS Server/]: KubeRecipe.java#90: Failed to parse recipe 'cataclysm_spellbooks:smithing/abyssal_warloock_mask_smithing[minecraft:smithing_transform]'! Falling back to vanilla: Failed to read required component 'base: ingredient' - java.lang.IllegalStateException: Failed to parse either. First: Not a json array: {"item":"irons_spellbooks:wizard_base_hat"}; Second: No key tag in MapLike[{"item":"irons_spellbooks:wizard_base_hat"}]; Unknown registry key in ResourceKey[minecraft:root / minecraft:item]: irons_spellbooks:wizard_base_hat
[14:59:58] [main/WARN] [KubeJS Server/]: KubeRecipe.java#90: Failed to parse recipe 'createdeco:placard[minecraft:crafting_shapeless]'! Falling back to vanilla: Failed to read required component 'ingredients: ingredient[]' - java.lang.IllegalStateException: Failed to parse either. First: Not a json array: {"id":"minecraft:white_dye"}; Second: No key tag in MapLike[{"id":"minecraft:white_dye"}]; No key item in MapLike[{"id":"minecraft:white_dye"}]
[14:59:58] [main/WARN] [KubeJS Server/]: RecipeComponentValue.java#102: Failed to parse recipe 'interiors:crafting/chair/light_blue_chair_from_other_chair[minecraft:crafting_shapeless]' @ [ingredients][1]! Falling back to vanilla: Invalid component ingredients: ingredient[] - Component 'ingredient' is not allowed to be empty!
[14:59:58] [main/WARN] [KubeJS Server/]: RecipeComponentValue.java#102: Failed to parse recipe 'interiors:crafting/chair/blue_chair_from_other_chair[minecraft:crafting_shapeless]' @ [ingredients][1]! Falling back to vanilla: Invalid component ingredients: ingredient[] - Component 'ingredient' is not allowed to be empty!
[14:59:58] [main/WARN] [KubeJS Server/]: RecipeComponentValue.java#102: Failed to parse recipe 'interiors:crafting/chair/lime_chair_from_other_chair[minecraft:crafting_shapeless]' @ [ingredients][1]! Falling back to vanilla: Invalid component ingredients: ingredient[] - Component 'ingredient' is not allowed to be empty!
[14:59:58] [main/WARN] [KubeJS Server/]: KubeRecipe.java#90: Failed to parse recipe 'cataclysm_spellbooks:the_nightstalker_upgrade[minecraft:crafting_shapeless]'! Falling back to vanilla: Failed to read required component 'result: item_stack' - java.lang.IllegalStateException: Unknown registry key in ResourceKey[minecraft:root / minecraft:item]: cataclysm_spellbooks:the_nightstalker
[14:59:58] [main/WARN] [minecraft/RecipeManager]: Skipping recipe vampirism:crop/cursed_roots, unknown type: botanypots:block_derived_crop
[14:59:59] [main/WARN] [KubeJS Server/]: RecipeComponentValue.java#102: Failed to parse recipe 'interiors:crafting/floor_chair/blue_floor_chair_from_other_floor_chair[minecraft:crafting_shapeless]' @ [ingredients][1]! Falling back to vanilla: Invalid component ingredients: ingredient[] - Component 'ingredient' is not allowed to be empty!
[14:59:59] [main/WARN] [KubeJS Server/]: KubeRecipe.java#90: Failed to parse recipe 'cataclysm_spellbooks:smithing/excelsius_power_chestplate_upgrade[minecraft:smithing_transform]'! Falling back to vanilla: Failed to read required component 'template: ingredient' - java.lang.IllegalStateException: Failed to parse either. First: Not a json array: {"item":"cataclysm_spellbooks:witherite_ingot"}; Second: No key tag in MapLike[{"item":"cataclysm_spellbooks:witherite_ingot"}]; Unknown registry key in ResourceKey[minecraft:root / minecraft:item]: cataclysm_spellbooks:witherite_ingot
[14:59:59] [main/WARN] [KubeJS Server/]: RecipeComponentValue.java#102: Failed to parse recipe 'interiors:crafting/chair/green_chair_from_other_chair[minecraft:crafting_shapeless]' @ [ingredients][1]! Falling back to vanilla: Invalid component ingredients: ingredient[] - Component 'ingredient' is not allowed to be empty!
[14:59:59] [main/WARN] [KubeJS Server/]: RecipeComponentValue.java#102: Failed to parse recipe 'interiors:crafting/chair/gray_chair_from_other_chair[minecraft:crafting_shapeless]' @ [ingredients][1]! Falling back to vanilla: Invalid component ingredients: ingredient[] - Component 'ingredient' is not allowed to be empty!
[14:59:59] [main/WARN] [minecraft/RecipeManager]: Skipping recipe vampiresdelight:crop/vampire_orchid_crop, unknown type: botanypots:block_derived_crop
[14:59:59] [main/WARN] [KubeJS Server/]: RecipeComponentValue.java#102: Failed to parse recipe 'interiors:crafting/chair/red_chair_from_other_chair[minecraft:crafting_shapeless]' @ [ingredients][1]! Falling back to vanilla: Invalid component ingredients: ingredient[] - Component 'ingredient' is not allowed to be empty!
[14:59:59] [main/WARN] [KubeJS Server/]: RecipeComponentValue.java#102: Failed to parse recipe 'burnt:burnt_stripped_wood_recipe[minecraft:smoking]'! Falling back to vanilla: Invalid component ingredient: ingredient - Component 'ingredient' is not allowed to be empty!
[14:59:59] [main/WARN] [KubeJS Server/]: RecipeComponentValue.java#102: Failed to parse recipe 'interiors:crafting/floor_chair/magenta_floor_chair_from_other_floor_chair[minecraft:crafting_shapeless]' @ [ingredients][1]! Falling back to vanilla: Invalid component ingredients: ingredient[] - Component 'ingredient' is not allowed to be empty!
[14:59:59] [main/WARN] [minecraft/RecipeManager]: Skipping recipe vampirism:soil/cursed_grass, unknown type: botanypots:block_derived_soil
[14:59:59] [main/WARN] [KubeJS Server/]: RecipeComponentValue.java#102: Failed to parse recipe 'interiors:crafting/floor_chair/yellow_floor_chair_from_other_floor_chair[minecraft:crafting_shapeless]' @ [ingredients][1]! Falling back to vanilla: Invalid component ingredients: ingredient[] - Component 'ingredient' is not allowed to be empty!
[14:59:59] [main/WARN] [KubeJS Server/]: RecipeComponentValue.java#102: Failed to parse recipe 'interiors:crafting/floor_chair/light_blue_floor_chair_from_other_floor_chair[minecraft:crafting_shapeless]' @ [ingredients][1]! Falling back to vanilla: Invalid component ingredients: ingredient[] - Component 'ingredient' is not allowed to be empty!
[14:59:59] [main/WARN] [minecraft/RecipeManager]: Skipping recipe vampirism:crop/vampire_orchid, unknown type: botanypots:block_derived_crop
[14:59:59] [main/WARN] [minecraft/RecipeManager]: Skipping recipe vampiresdelight:crop/black_mushroom, unknown type: botanypots:block_derived_crop
[14:59:59] [main/WARN] [minecraft/RecipeManager]: Skipping recipe vampiresdelight:brewing/daisy_tea, unknown type: farmersrespite:brewing
[14:59:59] [main/WARN] [KubeJS Server/]: RecipeComponentValue.java#102: Failed to parse recipe 'interiors:crafting/floor_chair/pink_floor_chair_from_other_floor_chair[minecraft:crafting_shapeless]' @ [ingredients][1]! Falling back to vanilla: Invalid component ingredients: ingredient[] - Component 'ingredient' is not allowed to be empty!
[14:59:59] [main/WARN] [KubeJS Server/]: KubeRecipe.java#90: Failed to parse recipe 'cataclysm_spellbooks:abyssal_warlock_mask_crafting[minecraft:crafting_shapeless]'! Falling back to vanilla: Failed to read required component 'ingredients: ingredient[]' - java.lang.IllegalStateException: Failed to parse either. First: Not a json array: {"item":"irons_spellbooks:wizard_base_hat"}; Second: No key tag in MapLike[{"item":"irons_spellbooks:wizard_base_hat"}]; Unknown registry key in ResourceKey[minecraft:root / minecraft:item]: irons_spellbooks:wizard_base_hat
[14:59:59] [main/WARN] [KubeJS Server/]: RecipeComponentValue.java#102: Failed to parse recipe 'interiors:crafting/chair/magenta_chair_from_other_chair[minecraft:crafting_shapeless]' @ [ingredients][1]! Falling back to vanilla: Invalid component ingredients: ingredient[] - Component 'ingredient' is not allowed to be empty!
[14:59:59] [main/WARN] [KubeJS Server/]: KubeRecipe.java#90: Failed to parse recipe 'cataclysm_spellbooks:murasama[minecraft:crafting_shaped]'! Falling back to vanilla: Failed to read required component 'result: item_stack' - java.lang.IllegalStateException: Unknown registry key in ResourceKey[minecraft:root / minecraft:item]: cataclysm_spellbooks:murasama_blade
[14:59:59] [main/WARN] [KubeJS Server/]: KubeRecipe.java#90: Failed to parse recipe 'cataclysm_spellbooks:the_berserker_upgrade[minecraft:crafting_shapeless]'! Falling back to vanilla: Failed to read required component 'result: item_stack' - java.lang.IllegalStateException: Unknown registry key in ResourceKey[minecraft:root / minecraft:item]: cataclysm_spellbooks:the_berserker
[14:59:59] [main/WARN] [KubeJS Server/]: RecipeComponentValue.java#102: Failed to parse recipe 'interiors:crafting/chair/pink_chair_from_other_chair[minecraft:crafting_shapeless]' @ [ingredients][1]! Falling back to vanilla: Invalid component ingredients: ingredient[] - Component 'ingredient' is not allowed to be empty!
[14:59:59] [main/WARN] [KubeJS Server/]: RecipeComponentValue.java#102: Failed to parse recipe 'interiors:crafting/floor_chair/gray_floor_chair_from_other_floor_chair[minecraft:crafting_shapeless]' @ [ingredients][1]! Falling back to vanilla: Invalid component ingredients: ingredient[] - Component 'ingredient' is not allowed to be empty!
[14:59:59] [main/WARN] [KubeJS Server/]: RecipeComponentValue.java#102: Failed to parse recipe 'interiors:crafting/floor_chair/purple_floor_chair_from_other_floor_chair[minecraft:crafting_shapeless]' @ [ingredients][1]! Falling back to vanilla: Invalid component ingredients: ingredient[] - Component 'ingredient' is not allowed to be empty!
[14:59:59] [main/WARN] [KubeJS Server/]: RecipeComponentValue.java#102: Failed to parse recipe 'burnt:stripped_burnt_logs_recipe[minecraft:smoking]'! Falling back to vanilla: Invalid component ingredient: ingredient - Component 'ingredient' is not allowed to be empty!
[14:59:59] [main/WARN] [KubeJS Server/]: KubeRecipe.java#90: Failed to parse recipe 'cataclysm_spellbooks:excel_upgrade_mana[minecraft:crafting_shaped]'! Falling back to vanilla: Failed to read required component 'result: item_stack' - java.lang.IllegalStateException: Unknown registry key in ResourceKey[minecraft:root / minecraft:item]: cataclysm_spellbooks:excel_upgrade_mana
[14:59:59] [main/WARN] [KubeJS Server/]: RecipeComponentValue.java#102: Failed to parse recipe 'interiors:crafting/chair/light_gray_chair_from_other_chair[minecraft:crafting_shapeless]' @ [ingredients][1]! Falling back to vanilla: Invalid component ingredients: ingredient[] - Component 'ingredient' is not allowed to be empty!
[14:59:59] [main/WARN] [KubeJS Server/]: KubeRecipe.java#90: Failed to parse recipe 'cataclysm_spellbooks:abyssal_warlock_helmet_crafting[minecraft:crafting_shapeless]'! Falling back to vanilla: Failed to read required component 'ingredients: ingredient[]' - java.lang.IllegalStateException: Failed to parse either. First: Not a json array: {"item":"irons_spellbooks:wizard_base_helmet"}; Second: No key tag in MapLike[{"item":"irons_spellbooks:wizard_base_helmet"}]; Unknown registry key in ResourceKey[minecraft:root / minecraft:item]: irons_spellbooks:wizard_base_helmet
[14:59:59] [main/WARN] [KubeJS Server/]: KubeRecipe.java#90: Failed to parse recipe 'cataclysm_spellbooks:excel_upgrade_resistence[minecraft:crafting_shaped]'! Falling back to vanilla: Failed to read required component 'result: item_stack' - java.lang.IllegalStateException: Unknown registry key in ResourceKey[minecraft:root / minecraft:item]: cataclysm_spellbooks:excel_upgrade_resistence
[14:59:59] [main/WARN] [KubeJS Server/]: RecipeComponentValue.java#102: Failed to parse recipe 'interiors:crafting/floor_chair/green_floor_chair_from_other_floor_chair[minecraft:crafting_shapeless]' @ [ingredients][1]! Falling back to vanilla: Invalid component ingredients: ingredient[] - Component 'ingredient' is not allowed to be empty!
[14:59:59] [main/WARN] [KubeJS Server/]: RecipeComponentValue.java#102: Failed to parse recipe 'interiors:crafting/floor_chair/cyan_floor_chair_from_other_floor_chair[minecraft:crafting_shapeless]' @ [ingredients][1]! Falling back to vanilla: Invalid component ingredients: ingredient[] - Component 'ingredient' is not allowed to be empty!
[14:59:59] [main/WARN] [KubeJS Server/]: RecipeComponentValue.java#102: Failed to parse recipe 'interiors:crafting/floor_chair/brown_floor_chair_from_other_floor_chair[minecraft:crafting_shapeless]' @ [ingredients][1]! Falling back to vanilla: Invalid component ingredients: ingredient[] - Component 'ingredient' is not allowed to be empty!
[14:59:59] [main/WARN] [KubeJS Server/]: RecipeComponentValue.java#102: Failed to parse recipe 'interiors:crafting/chair/orange_chair_from_other_chair[minecraft:crafting_shapeless]' @ [ingredients][1]! Falling back to vanilla: Invalid component ingredients: ingredient[] - Component 'ingredient' is not allowed to be empty!
[14:59:59] [main/WARN] [KubeJS Server/]: KubeRecipe.java#90: Failed to parse recipe 'cataclysm_spellbooks:smithing/abyssal_warloock_helmet_smithing[minecraft:smithing_transform]'! Falling back to vanilla: Failed to read required component 'base: ingredient' - java.lang.IllegalStateException: Failed to parse either. First: Not a json array: {"item":"irons_spellbooks:wizard_base_helmet"}; Second: No key tag in MapLike[{"item":"irons_spellbooks:wizard_base_helmet"}]; Unknown registry key in ResourceKey[minecraft:root / minecraft:item]: irons_spellbooks:wizard_base_helmet
[14:59:59] [main/WARN] [KubeJS Server/]: RecipeComponentValue.java#102: Failed to parse recipe 'interiors:crafting/floor_chair/light_gray_floor_chair_from_other_floor_chair[minecraft:crafting_shapeless]' @ [ingredients][1]! Falling back to vanilla: Invalid component ingredients: ingredient[] - Component 'ingredient' is not allowed to be empty!
[14:59:59] [main/WARN] [KubeJS Server/]: RecipeComponentValue.java#102: Failed to parse recipe 'burnt:burnt_wood_recipe[minecraft:smoking]'! Falling back to vanilla: Invalid component ingredient: ingredient - Component 'ingredient' is not allowed to be empty!
[14:59:59] [main/WARN] [KubeJS Server/]: RecipeComponentValue.java#102: Failed to parse recipe 'interiors:crafting/floor_chair/orange_floor_chair_from_other_floor_chair[minecraft:crafting_shapeless]' @ [ingredients][1]! Falling back to vanilla: Invalid component ingredients: ingredient[] - Component 'ingredient' is not allowed to be empty!
[14:59:59] [main/WARN] [KubeJS Server/]: RecipeComponentValue.java#102: Failed to parse recipe 'interiors:crafting/chair/black_chair_from_other_chair[minecraft:crafting_shapeless]' @ [ingredients][1]! Falling back to vanilla: Invalid component ingredients: ingredient[] - Component 'ingredient' is not allowed to be empty!
[14:59:59] [main/WARN] [KubeJS Server/]: RecipeComponentValue.java#102: Failed to parse recipe 'interiors:crafting/chair/cyan_chair_from_other_chair[minecraft:crafting_shapeless]' @ [ingredients][1]! Falling back to vanilla: Invalid component ingredients: ingredient[] - Component 'ingredient' is not allowed to be empty!
[14:59:59] [main/WARN] [minecraft/RecipeManager]: Skipping recipe vampiresdelight:crop/wild_garlic, unknown type: botanypots:block_derived_crop
[14:59:59] [main/WARN] [KubeJS Server/]: RecipeComponentValue.java#102: Failed to parse recipe 'interiors:crafting/floor_chair/white_floor_chair_from_other_floor_chair[minecraft:crafting_shapeless]' @ [ingredients][1]! Falling back to vanilla: Invalid component ingredients: ingredient[] - Component 'ingredient' is not allowed to be empty!
[14:59:59] [main/WARN] [minecraft/RecipeManager]: Skipping recipe vampirism:soil/cursed_earth, unknown type: botanypots:block_derived_soil
[14:59:59] [main/WARN] [minecraft/RecipeManager]: Skipping recipe vampiresdelight:soil/bloody_soil, unknown type: botanypots:block_derived_soil
[14:59:59] [main/WARN] [KubeJS Server/]: RecipeComponentValue.java#102: Failed to parse recipe 'interiors:crafting/chair/white_chair_from_other_chair[minecraft:crafting_shapeless]' @ [ingredients][1]! Falling back to vanilla: Invalid component ingredients: ingredient[] - Component 'ingredient' is not allowed to be empty!
[14:59:59] [main/WARN] [KubeJS Server/]: RecipeComponentValue.java#102: Failed to parse recipe 'burnt:burnt_logs_recipe[minecraft:smoking]'! Falling back to vanilla: Invalid component ingredient: ingredient - Component 'ingredient' is not allowed to be empty!
[14:59:59] [main/WARN] [minecraft/RecipeManager]: Skipping recipe vampiresdelight:brewing/orchid_tea, unknown type: farmersrespite:brewing
[14:59:59] [main/WARN] [KubeJS Server/]: RecipeComponentValue.java#102: Failed to parse recipe 'interiors:crafting/floor_chair/lime_floor_chair_from_other_floor_chair[minecraft:crafting_shapeless]' @ [ingredients][1]! Falling back to vanilla: Invalid component ingredients: ingredient[] - Component 'ingredient' is not allowed to be empty!
[14:59:59] [main/WARN] [minecraft/RecipeManager]: Skipping recipe vampiresdelight:soil/cursed_farmland, unknown type: botanypots:block_derived_soil
[14:59:59] [main/INFO] [KubeJS Server/]: Found 11,217 recipes (skipped 1,273) in 1.645 s
[14:59:59] [main/ERROR] [minecraft/RecipeManager]: Error parsing recipe cataclysm_spellbooks:abyssal_warlock_mask_crafting: Failed to parse either. First: Not a json array: {"item":"irons_spellbooks:wizard_base_hat"}; Second: No key tag in MapLike[{"item":"irons_spellbooks:wizard_base_hat"}]; Unknown registry key in ResourceKey[minecraft:root / minecraft:item]: irons_spellbooks:wizard_base_hat
[14:59:59] [main/ERROR] [minecraft/RecipeManager]: Error parsing recipe cataclysm_spellbooks:murasama: Unknown registry key in ResourceKey[minecraft:root / minecraft:item]: cataclysm_spellbooks:murasama_blade; Map entry 'm' : Failed to parse either. First: Not a json array: {"item":"cataclysm_spellbooks:mechanical_weapon_parts"}; Second: No key tag in MapLike[{"item":"cataclysm_spellbooks:mechanical_weapon_parts"}]; Unknown registry key in ResourceKey[minecraft:root / minecraft:item]: cataclysm_spellbooks:mechanical_weapon_parts
[14:59:59] [main/ERROR] [minecraft/RecipeManager]: Error parsing recipe cataclysm_spellbooks:the_berserker_upgrade: Failed to parse either. First: Not a json array: {"item":"cataclysm_spellbooks:mechanical_weapon_parts"}; Second: No key tag in MapLike[{"item":"cataclysm_spellbooks:mechanical_weapon_parts"}]; Unknown registry key in ResourceKey[minecraft:root / minecraft:item]: cataclysm_spellbooks:mechanical_weapon_parts; Failed to parse either. First: Not a json array: {"item":"cataclysm_spellbooks:gauntlet_of_gattling"}; Second: No key tag in MapLike[{"item":"cataclysm_spellbooks:gauntlet_of_gattling"}]; Unknown registry key in ResourceKey[minecraft:root / minecraft:item]: cataclysm_spellbooks:gauntlet_of_gattling; Unknown registry key in ResourceKey[minecraft:root / minecraft:item]: cataclysm_spellbooks:the_berserker
[14:59:59] [main/ERROR] [minecraft/RecipeManager]: Error parsing recipe cataclysm_spellbooks:the_combuster_upgrade: Failed to parse either. First: Not a json array: {"item":"cataclysm_spellbooks:mechanical_weapon_parts"}; Second: No key tag in MapLike[{"item":"cataclysm_spellbooks:mechanical_weapon_parts"}]; Unknown registry key in ResourceKey[minecraft:root / minecraft:item]: cataclysm_spellbooks:mechanical_weapon_parts; Failed to parse either. First: Not a json array: {"item":"cataclysm_spellbooks:gauntlet_of_gattling"}; Second: No key tag in MapLike[{"item":"cataclysm_spellbooks:gauntlet_of_gattling"}]; Unknown registry key in ResourceKey[minecraft:root / minecraft:item]: cataclysm_spellbooks:gauntlet_of_gattling; Unknown registry key in ResourceKey[minecraft:root / minecraft:item]: cataclysm_spellbooks:the_combuster
[15:00:00] [main/ERROR] [minecraft/RecipeManager]: Error parsing recipe cataclysm_spellbooks:excel_upgrade_cooldown: Unknown registry key in ResourceKey[minecraft:root / minecraft:item]: cataclysm_spellbooks:excel_upgrade_cooldown; Map entry 's' : Failed to parse either. First: Not a json array: {"item":"cataclysm_spellbooks:mechanical_scrap"}; Second: No key tag in MapLike[{"item":"cataclysm_spellbooks:mechanical_scrap"}]; Unknown registry key in ResourceKey[minecraft:root / minecraft:item]: cataclysm_spellbooks:mechanical_scrap
[15:00:00] [main/ERROR] [minecraft/RecipeManager]: Error parsing recipe cataclysm_spellbooks:excel_upgrade_mana: Unknown registry key in ResourceKey[minecraft:root / minecraft:item]: cataclysm_spellbooks:excel_upgrade_mana; Map entry 's' : Failed to parse either. First: Not a json array: {"item":"cataclysm_spellbooks:mechanical_scrap"}; Second: No key tag in MapLike[{"item":"cataclysm_spellbooks:mechanical_scrap"}]; Unknown registry key in ResourceKey[minecraft:root / minecraft:item]: cataclysm_spellbooks:mechanical_scrap
[15:00:00] [main/ERROR] [minecraft/RecipeManager]: Error parsing recipe cataclysm_spellbooks:engineers_power_glove: Unknown registry key in ResourceKey[minecraft:root / minecraft:item]: cataclysm_spellbooks:engineers_power_glove
[15:00:00] [main/ERROR] [minecraft/RecipeManager]: Error parsing recipe cataclysm_spellbooks:abyssal_warlock_helmet_crafting: Failed to parse either. First: Not a json array: {"item":"irons_spellbooks:wizard_base_helmet"}; Second: No key tag in MapLike[{"item":"irons_spellbooks:wizard_base_helmet"}]; Unknown registry key in ResourceKey[minecraft:root / minecraft:item]: irons_spellbooks:wizard_base_helmet
[15:00:00] [main/ERROR] [minecraft/RecipeManager]: Error parsing recipe cataclysm_spellbooks:excel_upgrade_resistence: Unknown registry key in ResourceKey[minecraft:root / minecraft:item]: cataclysm_spellbooks:excel_upgrade_resistence; Map entry 's' : Failed to parse either. First: Not a json array: {"item":"cataclysm_spellbooks:mechanical_scrap"}; Second: No key tag in MapLike[{"item":"cataclysm_spellbooks:mechanical_scrap"}]; Unknown registry key in ResourceKey[minecraft:root / minecraft:item]: cataclysm_spellbooks:mechanical_scrap
[15:00:00] [main/ERROR] [minecraft/RecipeManager]: Error parsing recipe cataclysm_spellbooks:the_subjugator_upgrade: Unknown registry key in ResourceKey[minecraft:root / minecraft:item]: cataclysm_spellbooks:gauntlet_of_gattling; Failed to parse either. First: Not a json array: {"item":"cataclysm_spellbooks:gauntlet_of_power"}; Second: No key tag in MapLike[{"item":"cataclysm_spellbooks:gauntlet_of_power"}]; Unknown registry key in ResourceKey[minecraft:root / minecraft:item]: cataclysm_spellbooks:gauntlet_of_power
[15:00:00] [main/ERROR] [minecraft/RecipeManager]: Error parsing recipe cataclysm_spellbooks:smithing/abyssal_warloock_helmet_smithing: Failed to parse either. First: Not a json array: {"item":"irons_spellbooks:wizard_base_helmet"}; Second: No key tag in MapLike[{"item":"irons_spellbooks:wizard_base_helmet"}]; Unknown registry key in ResourceKey[minecraft:root / minecraft:item]: irons_spellbooks:wizard_base_helmet
[15:00:00] [main/ERROR] [minecraft/RecipeManager]: Error parsing recipe cataclysm_spellbooks:mechanical_brace: Unknown registry key in ResourceKey[minecraft:root / minecraft:item]: cataclysm_spellbooks:mechanical_brace; Failed to parse either. First: Not a json array: {"item":"cataclysm_spellbooks:mechanical_scrap"}; Second: No key tag in MapLike[{"item":"cataclysm_spellbooks:mechanical_scrap"}]; Unknown registry key in ResourceKey[minecraft:root / minecraft:item]: cataclysm_spellbooks:mechanical_scrap
[15:00:00] [main/ERROR] [minecraft/RecipeManager]: Error parsing recipe cataclysm_spellbooks:smithing/abyssal_warloock_mask_smithing: Failed to parse either. First: Not a json array: {"item":"irons_spellbooks:wizard_base_hat"}; Second: No key tag in MapLike[{"item":"irons_spellbooks:wizard_base_hat"}]; Unknown registry key in ResourceKey[minecraft:root / minecraft:item]: irons_spellbooks:wizard_base_hat
[15:00:00] [main/ERROR] [minecraft/RecipeManager]: Error parsing recipe createdeco:placard: Failed to parse either. First: Not a json array: {"id":"minecraft:white_dye"}; Second: No key tag in MapLike[{"id":"minecraft:white_dye"}]; No key item in MapLike[{"id":"minecraft:white_dye"}]
[15:00:00] [main/ERROR] [minecraft/RecipeManager]: Error parsing recipe cataclysm_spellbooks:the_nightstalker_upgrade: Failed to parse either. First: Not a json array: {"item":"cataclysm_spellbooks:mechanical_weapon_parts"}; Second: No key tag in MapLike[{"item":"cataclysm_spellbooks:mechanical_weapon_parts"}]; Unknown registry key in ResourceKey[minecraft:root / minecraft:item]: cataclysm_spellbooks:mechanical_weapon_parts; Failed to parse either. First: Not a json array: {"item":"cataclysm_spellbooks:gauntlet_of_gattling"}; Second: No key tag in MapLike[{"item":"cataclysm_spellbooks:gauntlet_of_gattling"}]; Unknown registry key in ResourceKey[minecraft:root / minecraft:item]: cataclysm_spellbooks:gauntlet_of_gattling; Unknown registry key in ResourceKey[minecraft:root / minecraft:item]: cataclysm_spellbooks:the_nightstalker
[15:00:00] [main/ERROR] [minecraft/RecipeManager]: Error parsing recipe cataclysm_spellbooks:smithing/excelsius_power_chestplate_upgrade: Failed to parse either. First: Not a json array: {"item":"cataclysm_spellbooks:witherite_ingot"}; Second: No key tag in MapLike[{"item":"cataclysm_spellbooks:witherite_ingot"}]; Unknown registry key in ResourceKey[minecraft:root / minecraft:item]: cataclysm_spellbooks:witherite_ingot
[15:00:00] [main/ERROR] [minecraft/RecipeManager]: Error parsing recipe cataclysm_spellbooks:the_ordeal_upgrade: Unknown registry key in ResourceKey[minecraft:root / minecraft:item]: cataclysm_spellbooks:gauntlet_of_power; Failed to parse either. First: Not a json array: {"item":"cataclysm_spellbooks:engineers_power_glove"}; Second: No key tag in MapLike[{"item":"cataclysm_spellbooks:engineers_power_glove"}]; Unknown registry key in ResourceKey[minecraft:root / minecraft:item]: cataclysm_spellbooks:engineers_power_glove
[15:00:00] [main/INFO] [KubeJS Server/]: Posted recipe events in 895 ms
[15:00:00] [main/INFO] [KubeJS Server/]: KubeJS modifications to recipe manager finished in 83.73 ms
[15:00:00] [main/ERROR] [minecraft/RecipeManager]: Parsing error loading recipe cataclysm_spellbooks:the_combuster_upgrade: com.google.gson.JsonParseException: Failed to parse either. First: Not a json array: {"item":"cataclysm_spellbooks:mechanical_weapon_parts"}; Second: No key tag in MapLike[{"item":"cataclysm_spellbooks:mechanical_weapon_parts"}]; Unknown registry key in ResourceKey[minecraft:root / minecraft:item]: cataclysm_spellbooks:mechanical_weapon_parts; Failed to parse either. First: Not a json array: {"item":"cataclysm_spellbooks:gauntlet_of_gattling"}; Second: No key tag in MapLike[{"item":"cataclysm_spellbooks:gauntlet_of_gattling"}]; Unknown registry key in ResourceKey[minecraft:root / minecraft:item]: cataclysm_spellbooks:gauntlet_of_gattling; Unknown registry key in ResourceKey[minecraft:root / minecraft:item]: cataclysm_spellbooks:the_combuster
[15:00:00] [main/ERROR] [minecraft/RecipeManager]: Parsing error loading recipe cataclysm_spellbooks:excel_upgrade_cooldown: com.google.gson.JsonParseException: Unknown registry key in ResourceKey[minecraft:root / minecraft:item]: cataclysm_spellbooks:excel_upgrade_cooldown; Map entry 's' : Failed to parse either. First: Not a json array: {"item":"cataclysm_spellbooks:mechanical_scrap"}; Second: No key tag in MapLike[{"item":"cataclysm_spellbooks:mechanical_scrap"}]; Unknown registry key in ResourceKey[minecraft:root / minecraft:item]: cataclysm_spellbooks:mechanical_scrap
[15:00:00] [main/ERROR] [minecraft/RecipeManager]: Parsing error loading recipe cataclysm_spellbooks:engineers_power_glove: com.google.gson.JsonParseException: Unknown registry key in ResourceKey[minecraft:root / minecraft:item]: cataclysm_spellbooks:engineers_power_glove
[15:00:01] [main/ERROR] [minecraft/RecipeManager]: Parsing error loading recipe cataclysm_spellbooks:the_subjugator_upgrade: com.google.gson.JsonParseException: Unknown registry key in ResourceKey[minecraft:root / minecraft:item]: cataclysm_spellbooks:gauntlet_of_gattling; Failed to parse either. First: Not a json array: {"item":"cataclysm_spellbooks:gauntlet_of_power"}; Second: No key tag in MapLike[{"item":"cataclysm_spellbooks:gauntlet_of_power"}]; Unknown registry key in ResourceKey[minecraft:root / minecraft:item]: cataclysm_spellbooks:gauntlet_of_power
[15:00:01] [main/ERROR] [minecraft/RecipeManager]: Parsing error loading recipe cataclysm_spellbooks:mechanical_brace: com.google.gson.JsonParseException: Unknown registry key in ResourceKey[minecraft:root / minecraft:item]: cataclysm_spellbooks:mechanical_brace; Failed to parse either. First: Not a json array: {"item":"cataclysm_spellbooks:mechanical_scrap"}; Second: No key tag in MapLike[{"item":"cataclysm_spellbooks:mechanical_scrap"}]; Unknown registry key in ResourceKey[minecraft:root / minecraft:item]: cataclysm_spellbooks:mechanical_scrap
[15:00:01] [main/ERROR] [minecraft/RecipeManager]: Parsing error loading recipe cataclysm_spellbooks:smithing/abyssal_warloock_mask_smithing: com.google.gson.JsonParseException: Failed to parse either. First: Not a json array: {"item":"irons_spellbooks:wizard_base_hat"}; Second: No key tag in MapLike[{"item":"irons_spellbooks:wizard_base_hat"}]; Unknown registry key in ResourceKey[minecraft:root / minecraft:item]: irons_spellbooks:wizard_base_hat
[15:00:01] [main/ERROR] [minecraft/RecipeManager]: Parsing error loading recipe createdeco:placard: com.google.gson.JsonParseException: Failed to parse either. First: Not a json array: {"id":"minecraft:white_dye"}; Second: No key tag in MapLike[{"id":"minecraft:white_dye"}]; No key item in MapLike[{"id":"minecraft:white_dye"}]
[15:00:01] [main/ERROR] [minecraft/RecipeManager]: Parsing error loading recipe cataclysm_spellbooks:the_nightstalker_upgrade: com.google.gson.JsonParseException: Failed to parse either. First: Not a json array: {"item":"cataclysm_spellbooks:mechanical_weapon_parts"}; Second: No key tag in MapLike[{"item":"cataclysm_spellbooks:mechanical_weapon_parts"}]; Unknown registry key in ResourceKey[minecraft:root / minecraft:item]: cataclysm_spellbooks:mechanical_weapon_parts; Failed to parse either. First: Not a json array: {"item":"cataclysm_spellbooks:gauntlet_of_gattling"}; Second: No key tag in MapLike[{"item":"cataclysm_spellbooks:gauntlet_of_gattling"}]; Unknown registry key in ResourceKey[minecraft:root / minecraft:item]: cataclysm_spellbooks:gauntlet_of_gattling; Unknown registry key in ResourceKey[minecraft:root / minecraft:item]: cataclysm_spellbooks:the_nightstalker
[15:00:01] [main/ERROR] [minecraft/RecipeManager]: Parsing error loading recipe cataclysm_spellbooks:smithing/excelsius_power_chestplate_upgrade: com.google.gson.JsonParseException: Failed to parse either. First: Not a json array: {"item":"cataclysm_spellbooks:witherite_ingot"}; Second: No key tag in MapLike[{"item":"cataclysm_spellbooks:witherite_ingot"}]; Unknown registry key in ResourceKey[minecraft:root / minecraft:item]: cataclysm_spellbooks:witherite_ingot
[15:00:01] [main/ERROR] [minecraft/RecipeManager]: Parsing error loading recipe cataclysm_spellbooks:abyssal_warlock_mask_crafting: com.google.gson.JsonParseException: Failed to parse either. First: Not a json array: {"item":"irons_spellbooks:wizard_base_hat"}; Second: No key tag in MapLike[{"item":"irons_spellbooks:wizard_base_hat"}]; Unknown registry key in ResourceKey[minecraft:root / minecraft:item]: irons_spellbooks:wizard_base_hat
[15:00:01] [main/ERROR] [minecraft/RecipeManager]: Parsing error loading recipe cataclysm_spellbooks:murasama: com.google.gson.JsonParseException: Unknown registry key in ResourceKey[minecraft:root / minecraft:item]: cataclysm_spellbooks:murasama_blade; Map entry 'm' : Failed to parse either. First: Not a json array: {"item":"cataclysm_spellbooks:mechanical_weapon_parts"}; Second: No key tag in MapLike[{"item":"cataclysm_spellbooks:mechanical_weapon_parts"}]; Unknown registry key in ResourceKey[minecraft:root / minecraft:item]: cataclysm_spellbooks:mechanical_weapon_parts
[15:00:01] [main/ERROR] [minecraft/RecipeManager]: Parsing error loading recipe cataclysm_spellbooks:the_berserker_upgrade: com.google.gson.JsonParseException: Failed to parse either. First: Not a json array: {"item":"cataclysm_spellbooks:mechanical_weapon_parts"}; Second: No key tag in MapLike[{"item":"cataclysm_spellbooks:mechanical_weapon_parts"}]; Unknown registry key in ResourceKey[minecraft:root / minecraft:item]: cataclysm_spellbooks:mechanical_weapon_parts; Failed to parse either. First: Not a json array: {"item":"cataclysm_spellbooks:gauntlet_of_gattling"}; Second: No key tag in MapLike[{"item":"cataclysm_spellbooks:gauntlet_of_gattling"}]; Unknown registry key in ResourceKey[minecraft:root / minecraft:item]: cataclysm_spellbooks:gauntlet_of_gattling; Unknown registry key in ResourceKey[minecraft:root / minecraft:item]: cataclysm_spellbooks:the_berserker
[15:00:01] [main/ERROR] [minecraft/RecipeManager]: Parsing error loading recipe cataclysm_spellbooks:excel_upgrade_mana: com.google.gson.JsonParseException: Unknown registry key in ResourceKey[minecraft:root / minecraft:item]: cataclysm_spellbooks:excel_upgrade_mana; Map entry 's' : Failed to parse either. First: Not a json array: {"item":"cataclysm_spellbooks:mechanical_scrap"}; Second: No key tag in MapLike[{"item":"cataclysm_spellbooks:mechanical_scrap"}]; Unknown registry key in ResourceKey[minecraft:root / minecraft:item]: cataclysm_spellbooks:mechanical_scrap
[15:00:01] [main/ERROR] [minecraft/RecipeManager]: Parsing error loading recipe cataclysm_spellbooks:abyssal_warlock_helmet_crafting: com.google.gson.JsonParseException: Failed to parse either. First: Not a json array: {"item":"irons_spellbooks:wizard_base_helmet"}; Second: No key tag in MapLike[{"item":"irons_spellbooks:wizard_base_helmet"}]; Unknown registry key in ResourceKey[minecraft:root / minecraft:item]: irons_spellbooks:wizard_base_helmet
[15:00:01] [main/ERROR] [minecraft/RecipeManager]: Parsing error loading recipe cataclysm_spellbooks:excel_upgrade_resistence: com.google.gson.JsonParseException: Unknown registry key in ResourceKey[minecraft:root / minecraft:item]: cataclysm_spellbooks:excel_upgrade_resistence; Map entry 's' : Failed to parse either. First: Not a json array: {"item":"cataclysm_spellbooks:mechanical_scrap"}; Second: No key tag in MapLike[{"item":"cataclysm_spellbooks:mechanical_scrap"}]; Unknown registry key in ResourceKey[minecraft:root / minecraft:item]: cataclysm_spellbooks:mechanical_scrap
[15:00:01] [main/ERROR] [minecraft/RecipeManager]: Parsing error loading recipe cataclysm_spellbooks:smithing/abyssal_warloock_helmet_smithing: com.google.gson.JsonParseException: Failed to parse either. First: Not a json array: {"item":"irons_spellbooks:wizard_base_helmet"}; Second: No key tag in MapLike[{"item":"irons_spellbooks:wizard_base_helmet"}]; Unknown registry key in ResourceKey[minecraft:root / minecraft:item]: irons_spellbooks:wizard_base_helmet
[15:00:01] [main/ERROR] [minecraft/RecipeManager]: Parsing error loading recipe cataclysm_spellbooks:the_ordeal_upgrade: com.google.gson.JsonParseException: Unknown registry key in ResourceKey[minecraft:root / minecraft:item]: cataclysm_spellbooks:gauntlet_of_power; Failed to parse either. First: Not a json array: {"item":"cataclysm_spellbooks:engineers_power_glove"}; Second: No key tag in MapLike[{"item":"cataclysm_spellbooks:engineers_power_glove"}]; Unknown registry key in ResourceKey[minecraft:root / minecraft:item]: cataclysm_spellbooks:engineers_power_glove
[15:00:01] [main/INFO] [minecraft/RecipeManager]: Loaded 11196 recipes
[15:00:01] [main/INFO] [KubeJS Server/]: Added 0 recipes, removed 4 recipes, modified 0 recipes, with 0 failed recipes taking 3.497 s in total
[15:00:02] [main/INFO] [minecraft/AdvancementTree]: Loaded 6927 advancements
[15:00:02] [main/INFO] [Curios API/]: Loaded 18 curio slots
[15:00:02] [main/INFO] [Curios API/]: Loaded 1 curio entities
[15:00:03] [main/INFO] [Supplementaries/]: Loaded 29 flute songs
[15:00:03] [main/WARN] [burnt/]: [Burnt] burn_mapping 'burnt:example': unknown source block 'examplemod:example_log' — skipping
[15:00:03] [main/WARN] [burnt/]: [Burnt] burn_mapping 'burnt:example': unknown source block 'examplemod:example_wood' — skipping
[15:00:03] [main/INFO] [burnt/]: [Burnt] Loaded 0 burn mapping(s) from datapacks.
[15:00:03] [main/WARN] [ne.co.mc.MCA/]: Invalid skin list mcacapitals:male, expected an array
[15:00:03] [main/WARN] [ne.co.mc.MCA/]: Invalid skin list mcacapitals:female, expected an array
[15:00:03] [main/INFO] [co.ma.mc.MCACapitals/]: MCA Capitals enabled 63 of 63 MCA Reborn name culture buckets: [aasimar, albania, arabia, armenia, austria, azerbaijan, belarus, belgium, bosnia, bulgaria, china, croatia, czechrepublic, denmark, dragonborn, dwarven, eastfrisia, elven, estonia, fae, finland, folklore, france, georgia, germany, greatbritain, greece, hungary, iceland, india, ireland, israel, italy, japan, kazakhstan, korea, kosovo, latvia, lithuania, luxembourg, macedonia, malta, merfolk, modernusa, moldova, montenegro, norway, poland, portugal, romania, russia, serbia, slovakia, slovenia, spain, sweden, swiss, thenetherlands, tiefling, turkey, ukraine, usa, vietnam]
[15:00:03] [main/INFO] [Moonlight/]: Applied 17 data villager trades
[15:00:03] [main/INFO] [Moonlight/]: Failed to load custom color set definition {"id":"quark:rune","colors":{"default":"quark:blank_rune"},"replace":false}. Ignoring
[15:00:03] [main/INFO] [Moonlight/]: Failed to load custom color set definition {"id":"quark:shard","colors":{"default":"quark:clear_shard"},"replace":false}. Ignoring
[15:00:03] [main/ERROR] [de.ry.sa.Sable/]: Error while loading physics block properties entry: DataResult.Error['Not a JSON object: [{"selector":"aether:enchanted_gravitite","properties":{"sable:floating_material":"aeronautics:levitite","sable:floating_scale":4.0}},{"selector":"#aether:aerclouds","properties":{"sable:floating_material":"aeronautics:levitite","sable:floating_scale":1.0}},{"selector":"#twilightforest:clouds","properties":{"sable:floating_material":"aeronautics:levitite","sable:floating_scale":1.0}},{"selector":"biomesoplenty:anomaly","properties":{"sable:floating_material":"aeronautics:levitite","sable:floating_scale":4.0}},{"selector":"enderitemod:enderite_ore","properties":{"sable:floating_material":"aeronautics:levitite","sable:floating_scale":6.0}},{"selector":"enderitemod:cracked_enderite_ore","properties":{"sable:floating_material":"aeronautics:levitite","sable:floating_scale":6.0}},{"selector":"enderitemod:enderite_block","properties":{"sable:floating_material":"aeronautics:levitite","sable:floating_scale":24.0}},{"selector":"enderitemod:enderite_shulker_box","properties":{"sable:floating_material":"aeronautics:levitite","sable:floating_scale":8.0}},{"selector":"enderitemod:enderite_respawn_anchor","properties":{"sable:floating_material":"aeronautics:levitite","sable:floating_scale":12.0}},{"selector":"aether:chromatic_aercloud","properties":{"sable:floating_material":"aeronautics:levitite","sable:floating_scale":6.0}},{"selector":"ironfurnaces:million_furnace","properties":{"sable:floating_material":"aeronautics:levitite","sable:floating_scale":8.0}},{"selector":"quark:gravisand","properties":{"sable:floating_material":"aeronautics:levitite","sable:floating_scale":4.0}},{"selector":"alexsmobs:ender_residue","properties":{"sable:floating_material":"aeronautics:levitite","sable:floating_scale":4.0}}]']
[15:00:03] [main/WARN] [de.pr.pr.co.th.ThrusterFuelManager/]: [createpropulsion] Ignoring fuel config override for 'tfmg:lpg': fluid is not registered.
[15:00:03] [main/WARN] [de.pr.pr.co.th.ThrusterFuelManager/]: [createpropulsion] Ignoring fuel config override for 'createdieselgenerators:biodiesel': fluid is not registered.
[15:00:03] [main/WARN] [de.pr.pr.co.th.ThrusterFuelManager/]: [createpropulsion] Ignoring fuel config override for 'immersiveengineering:ethanol': fluid is not registered.
[15:00:03] [main/WARN] [de.pr.pr.co.th.ThrusterFuelManager/]: [createpropulsion] Ignoring fuel config override for 'stellaris:diesel': fluid is not registered.
[15:00:03] [main/WARN] [de.pr.pr.co.th.ThrusterFuelManager/]: [createpropulsion] Ignoring fuel config override for 'createdieselgenerators:plant_oil': fluid is not registered.
[15:00:03] [main/WARN] [de.pr.pr.co.th.ThrusterFuelManager/]: [createpropulsion] Ignoring fuel config override for 'immersiveengineering:biodiesel': fluid is not registered.
[15:00:03] [main/WARN] [de.pr.pr.co.th.ThrusterFuelManager/]: [createpropulsion] Ignoring fuel config override for 'createaddition:seed_oil': fluid is not registered.
[15:00:03] [main/WARN] [de.pr.pr.co.th.ThrusterFuelManager/]: [createpropulsion] Ignoring fuel config override for 'northstar:methane': fluid is not registered.
[15:00:03] [main/WARN] [de.pr.pr.co.th.ThrusterFuelManager/]: [createpropulsion] Ignoring fuel config override for 'tfmg:diesel': fluid is not registered.
[15:00:03] [main/WARN] [de.pr.pr.co.th.ThrusterFuelManager/]: [createpropulsion] Ignoring fuel config override for 'northstar:hydrocarbon': fluid is not registered.
[15:00:03] [main/WARN] [de.pr.pr.co.th.ThrusterFuelManager/]: [createpropulsion] Ignoring fuel config override for 'stellaris:fuel': fluid is not registered.
[15:00:03] [main/WARN] [de.pr.pr.co.th.ThrusterFuelManager/]: [createpropulsion] Ignoring fuel config override for 'immersiveengineering:plantoil': fluid is not registered.
[15:00:03] [main/WARN] [de.pr.pr.co.th.ThrusterFuelManager/]: [createpropulsion] Ignoring fuel config override for 'tfmg:gasoline': fluid is not registered.
[15:00:03] [main/WARN] [de.pr.pr.co.th.ThrusterFuelManager/]: [createpropulsion] Ignoring fuel config override for 'createdieselgenerators:diesel': fluid is not registered.
[15:00:03] [main/WARN] [de.pr.pr.co.th.ThrusterFuelManager/]: [createpropulsion] Ignoring fuel config override for 'createaddition:bioethanol': fluid is not registered.
[15:00:03] [main/WARN] [de.pr.pr.co.th.ThrusterFuelManager/]: [createpropulsion] Ignoring fuel config override for 'immersivepetroleum:diesel_sulfur': fluid is not registered.
[15:00:03] [main/WARN] [de.pr.pr.co.th.ThrusterFuelManager/]: [createpropulsion] Ignoring fuel config override for 'tfmg:kerosene': fluid is not registered.
[15:00:03] [main/WARN] [de.pr.pr.co.th.ThrusterFuelManager/]: [createpropulsion] Ignoring fuel config override for 'northstar:biofuel': fluid is not registered.
[15:00:03] [main/WARN] [de.pr.pr.co.th.ThrusterFuelManager/]: [createpropulsion] Ignoring fuel config override for 'createdieselgenerators:ethanol': fluid is not registered.
[15:00:03] [main/WARN] [de.pr.pr.co.th.ThrusterFuelManager/]: [createpropulsion] Ignoring fuel config override for 'tfmg:naphtha': fluid is not registered.
[15:00:03] [main/WARN] [de.pr.pr.co.th.ThrusterFuelManager/]: [createpropulsion] Ignoring fuel config override for 'immersiveengineering:high_power_biodiesel': fluid is not registered.
[15:00:03] [main/WARN] [de.pr.pr.co.th.ThrusterFuelManager/]: [createpropulsion] Ignoring fuel config override for 'createdieselgenerators:gasoline': fluid is not registered.
[15:00:03] [main/WARN] [de.pr.pr.co.th.ThrusterFuelManager/]: [createpropulsion] Ignoring fuel config override for 'northstar:liquid_hydrogen': fluid is not registered.
[15:00:03] [main/INFO] [de.pr.pr.co.th.ThrusterFuelManager/]: [createpropulsion] Thruster fuel reload (datapack_reload) complete: datapackParsed=3, datapackSkippedMissingMod=21, datapackSkippedMissingFluid=0, configAdded=1, configOverridden=0, configMissingFluid=23, mergedDatapackAndConfig=4, scriptedOverrides=0, removed=0
[15:00:03] [main/INFO] [hordes/]: Loaded entity minecraft:zombie as entity.minecraft.zombie with weight 35, min day 0 and max day 20
[15:00:03] [main/INFO] [hordes/]: Loaded entity minecraft:zombie_villager as entity.minecraft.zombie_villager with weight 1, min day 0 and max day 20
[15:00:03] [main/INFO] [hordes/]: Loaded entity minecraft:zombie_horse as entity.minecraft.zombie_horse with weight 3, min day 20 and max day 40
[15:00:03] [main/INFO] [hordes/]: Loaded entity minecraft:husk as entity.minecraft.husk with weight 40, min day 20 and max day 40
[15:00:03] [main/INFO] [hordes/]: Loaded entity minecraft:drowned as entity.minecraft.drowned with weight 3, min day 30 and max day 40
[15:00:03] [main/INFO] [hordes/]: Loaded entity minecraft:zoglin as entity.minecraft.zoglin with weight 3, min day 40 and max day 40
[15:00:03] [main/INFO] [hordes/]: Loaded entity minecraft:zombified_piglin as entity.minecraft.zombified_piglin with weight 10, min day 40 and max day 0
[15:00:03] [main/INFO] [hordes/]: Loaded entity minecraft:husk as entity.minecraft.husk with weight 25, min day 50 and max day 0
[15:00:03] [main/INFO] [hordes/]: Loaded entity minecraft:zoglin as entity.minecraft.zoglin with weight 3, min day 50 and max day 0
[15:00:03] [main/INFO] [hordes/]: Loaded entity minecraft:zombie_horse as entity.minecraft.zombie_horse with weight 3, min day 50 and max day 0
[15:00:03] [main/INFO] [hordes/]: loaded horde table hordes:default
[15:00:03] [main/INFO] [hordes/]: Loaded entity minecraft:drowned as entity.minecraft.drowned with weight 40, min day 0 and max day 20
[15:00:03] [main/INFO] [hordes/]: Loaded entity minecraft:drowned as entity.minecraft.drowned with weight 3, min day 30 and max day 40
[15:00:03] [main/INFO] [hordes/]: loaded horde table hordes:drowned
[15:00:03] [main/INFO] [hordes/]: Loaded entity minecraft:zombie as entity.minecraft.zombie with weight 20, min day 0 and max day 20
[15:00:03] [main/INFO] [hordes/]: Loaded entity minecraft:skeleton as entity.minecraft.skeleton with weight 10, min day 20 and max day 30
[15:00:03] [main/INFO] [hordes/]: Loaded entity minecraft:spider as entity.minecraft.spider with weight 15, min day 20 and max day 30
[15:00:03] [main/INFO] [hordes/]: Loaded entity minecraft:creeper as entity.minecraft.creeper with weight 5, min day 30 and max day 30
[15:00:03] [main/INFO] [hordes/]: Loaded entity minecraft:husk as entity.minecraft.husk with weight 20, min day 30 and max day 50
[15:00:03] [main/INFO] [hordes/]: Loaded entity minecraft:stray as entity.minecraft.stray with weight 10, min day 40 and max day 50
[15:00:03] [main/INFO] [hordes/]: Loaded entity minecraft:bogged as entity.minecraft.bogged with weight 5, min day 40 and max day 50
[15:00:03] [main/INFO] [hordes/]: Loaded entity minecraft:cave_spider as entity.minecraft.cave_spider with weight 10, min day 40 and max day 50
[15:00:03] [main/INFO] [hordes/]: Loaded entity minecraft:witch as entity.minecraft.witch with weight 5, min day 40 and max day 50
[15:00:03] [main/INFO] [hordes/]: Loaded entity minecraft:pillager as entity.minecraft.pillager with weight 10, min day 40 and max day 50
[15:00:03] [main/INFO] [hordes/]: Loaded entity minecraft:zombified_piglin as entity.minecraft.zombified_piglin with weight 10, min day 40 and max day 50
[15:00:03] [main/INFO] [hordes/]: Loaded entity minecraft:zombie_horse as entity.minecraft.zombie_horse with weight 3, min day 40 and max day 50
[15:00:03] [main/INFO] [hordes/]: Loaded entity minecraft:wither_skeleton as entity.minecraft.wither_skeleton with weight 10, min day 50 and max day 0
[15:00:03] [main/INFO] [hordes/]: Loaded entity minecraft:phantom as entity.minecraft.phantom with weight 5, min day 50 and max day 50
[15:00:03] [main/INFO] [hordes/]: Loaded entity minecraft:vindicator as entity.minecraft.vindicator with weight 10, min day 50 and max day 50
[15:00:03] [main/INFO] [hordes/]: Loaded entity minecraft:zoglin as entity.minecraft.zoglin with weight 5, min day 40 and max day 40
[15:00:03] [main/INFO] [hordes/]: Loaded entity minecraft:ravager as entity.minecraft.ravager with weight 5, min day 50 and max day 50
[15:00:03] [main/INFO] [hordes/]: Loaded entity minecraft:evoker as entity.minecraft.evoker with weight 5, min day 50 and max day 50
[15:00:03] [main/INFO] [hordes/]: Loaded entity minecraft:piglin_brute as entity.minecraft.piglin_brute with weight 10, min day 60 and max day 0
[15:00:03] [main/INFO] [hordes/]: Loaded entity minecraft:skeleton_horse as entity.minecraft.skeleton_horse with weight 10, min day 60 and max day 0
[15:00:03] [main/INFO] [hordes/]: Loaded entity minecraft:cave_spider as entity.minecraft.cave_spider with weight 10, min day 60 and max day 0
[15:00:03] [main/INFO] [hordes/]: Loaded entity minecraft:zombie_horse as entity.minecraft.zombie_horse with weight 5, min day 60 and max day 0
[15:00:03] [main/INFO] [hordes/]: Loaded entity minecraft:ravager as entity.minecraft.ravager with weight 3, min day 60 and max day 0
[15:00:03] [main/INFO] [hordes/]: Loaded entity minecraft:phantom as entity.minecraft.phantom with weight 3, min day 60 and max day 0
[15:00:03] [main/INFO] [hordes/]: loaded horde table hordes:mixed_mobs
[15:00:03] [main/INFO] [hordes/]: Loaded entity minecraft:pillager as entity.minecraft.pillager with weight 15, min day 0 and max day 0
[15:00:03] [main/INFO] [hordes/]: Loaded entity minecraft:vindicator as entity.minecraft.vindicator with weight 10, min day 0 and max day 0
[15:00:03] [main/INFO] [hordes/]: Loaded entity minecraft:witch as entity.minecraft.witch with weight 5, min day 20 and max day 0
[15:00:03] [main/INFO] [hordes/]: Loaded entity minecraft:ravager as entity.minecraft.ravager with weight 5, min day 30 and max day 40
[15:00:03] [main/INFO] [hordes/]: Loaded entity minecraft:evoker as entity.minecraft.evoker with weight 3, min day 40 and max day 40
[15:00:03] [main/INFO] [hordes/]: Loaded entity minecraft:illusioner as entity.minecraft.illusioner with weight 5, min day 50 and max day 0
[15:00:03] [main/INFO] [hordes/]: Loaded entity minecraft:ravager as entity.minecraft.ravager with weight 3, min day 50 and max day 0
[15:00:03] [main/INFO] [hordes/]: Loaded entity minecraft:ravager as entity.minecraft.ravager with weight 5, min day 50 and max day 0
[15:00:03] [main/INFO] [hordes/]: loaded horde table hordes:illagers
[15:00:03] [main/INFO] [hordes/]: Loaded entity minecraft:skeleton as entity.minecraft.skeleton with weight 10, min day 0 and max day 20
[15:00:03] [main/INFO] [hordes/]: Loaded entity minecraft:skeleton as entity.minecraft.skeleton with weight 20, min day 0 and max day 30
[15:00:03] [main/INFO] [hordes/]: Loaded entity minecraft:skeleton_horse as entity.minecraft.skeleton_horse with weight 5, min day 20 and max day 50
[15:00:03] [main/INFO] [hordes/]: Loaded entity minecraft:stray as entity.minecraft.stray with weight 8, min day 20 and max day 0
[15:00:03] [main/INFO] [hordes/]: Loaded entity minecraft:bogged as entity.minecraft.bogged with weight 2, min day 20 and max day 0
[15:00:03] [main/INFO] [hordes/]: Loaded entity minecraft:wither_skeleton as entity.minecraft.wither_skeleton with weight 10, min day 40 and max day 0
[15:00:03] [main/INFO] [hordes/]: Loaded entity minecraft:skeleton_horse as entity.minecraft.skeleton_horse with weight 3, min day 40 and max day 0
[15:00:03] [main/INFO] [hordes/]: Loaded entity minecraft:skeleton_horse as entity.minecraft.skeleton_horse with weight 2, min day 40 and max day 0
[15:00:03] [main/INFO] [hordes/]: loaded horde table hordes:skeletons
[15:00:03] [main/INFO] [hordes/]: Loaded entity minecraft:zombie as entity.minecraft.zombie with weight 30, min day 0 and max day 0
[15:00:03] [main/INFO] [hordes/]: loaded horde table hordes:fallback
[15:00:03] [main/INFO] [hordes/]: loaded horde script hordes:default
[15:00:03] [main/INFO] [hordes/]: Loading conversion table hordes:infection_conversions
[15:00:03] [main/INFO] [hordes/]: Loaded conversion entity.minecraft.villager to entity.minecraft.zombie_villager with an infection resistance of 0.15
[15:00:03] [main/INFO] [hordes/]: Loaded conversion entity.minecraft.horse to entity.minecraft.zombie_horse with an infection resistance of 0.35
[15:00:03] [main/INFO] [hordes/]: Loaded conversion entity.minecraft.piglin to entity.minecraft.zombified_piglin with an infection resistance of 0.15
[15:00:03] [main/INFO] [hordes/]: Loaded conversion entity.minecraft.piglin_brute to entity.minecraft.zombified_piglin{Attributes:[{Base:50.0f,Name:"generic.max_health"}],chat_name:"entity.hordes.ZombifiedPiglinBrute.name",texture:"hordes:textures/entity/zombified_piglin_brute.png"} with an infection resistance of 0.65
[15:00:03] [main/INFO] [hordes/]: Loaded conversion entity.minecraft.hoglin to entity.minecraft.zoglin with an infection resistance of 0.85
[15:00:03] [main/INFO] [hordes/]: Loaded conversion entity.minecraft.wandering_trader to entity.minecraft.zombie_villager{VillagerData:{type:"none"},chat_name:"entity.hordes.ZombieWanderingTrader.name",texture:"hordes:textures/entity/zombie_wandering_trader.png"} with an infection resistance of 0.15
[15:00:03] [main/INFO] [hordes/]: Loaded conversion entity.minecraft.pillager to entity.minecraft.zombie_villager{Attributes:[{Base:24.0f,Name:"generic.max_health"}],VillagerData:{type:"none"},chat_name:"entity.hordes.ZombiePillager.name",texture:"hordes:textures/entity/zombie_pillager.png"} with an infection resistance of 0.15
[15:00:03] [main/INFO] [hordes/]: Loaded conversion entity.minecraft.vindicator to entity.minecraft.zombie_villager{Attributes:[{Base:24.0f,Name:"generic.max_health"}],VillagerData:{type:"none"},chat_name:"entity.hordes.ZombieVindicator.name",texture:"hordes:textures/entity/zombie_vindicator.png"} with an infection resistance of 0.65
[15:00:03] [main/INFO] [hordes/]: Loaded conversion entity.minecraft.evoker to entity.minecraft.zombie_villager{Attributes:[{Base:24.0f,Name:"generic.max_health"}],VillagerData:{type:"none"},chat_name:"entity.hordes.ZombieEvoker.name",texture:"hordes:textures/entity/zombie_evoker.png"} with an infection resistance of 0.5
[15:00:03] [main/INFO] [hordes/]: Loaded conversion entity.minecraft.illusioner to entity.minecraft.zombie_villager{Attributes:[{Base:32.0f,Name:"generic.max_health"}],VillagerData:{type:"none"},chat_name:"entity.hordes.ZombieIllusioner.name",texture:"hordes:textures/entity/zombie_illusioner.png"} with an infection resistance of 0.6
[15:00:03] [main/INFO] [hordes/]: Loaded conversion entity.minecraft.witch to entity.minecraft.zombie_villager{Attributes:[{Base:26.0f,Name:"generic.max_health"}],VillagerData:{type:"none"},chat_name:"entity.hordes.ZombieWitch.name",texture:"hordes:textures/entity/zombie_witch.png"} with an infection resistance of 0.7
[15:00:03] [main/INFO] [hordes/]: Loading immunity item list hordes:immunity_items
[15:00:03] [main/INFO] [hordes/]: Loaded immunity item minecraft:enchanted_golden_apple with duration 150
[15:00:03] [main/INFO] [hordes/]: Loading wearables protection list hordes:wearables_protection
[15:00:03] [main/INFO] [hordes/]: Loaded wearable protection minecraft:leather_boots with modifier 0.05
[15:00:03] [main/INFO] [hordes/]: Loaded wearable protection minecraft:leather_leggings with modifier 0.05
[15:00:03] [main/INFO] [hordes/]: Loaded wearable protection minecraft:leather_chestplate with modifier 0.05
[15:00:03] [main/INFO] [hordes/]: Loaded wearable protection minecraft:leather_helmet with modifier 0.05
[15:00:03] [main/INFO] [hordes/]: Loaded wearable protection minecraft:chainmail_boots with modifier 0.05
[15:00:03] [main/INFO] [hordes/]: Loaded wearable protection minecraft:chainmail_leggings with modifier 0.05
[15:00:03] [main/INFO] [hordes/]: Loaded wearable protection minecraft:chainmail_chestplate with modifier 0.05
[15:00:03] [main/INFO] [hordes/]: Loaded wearable protection minecraft:chainmail_helmet with modifier 0.05
[15:00:03] [main/INFO] [hordes/]: Loaded wearable protection minecraft:iron_boots with modifier 0.1
[15:00:03] [main/INFO] [hordes/]: Loaded wearable protection minecraft:iron_leggings with modifier 0.1
[15:00:03] [main/INFO] [hordes/]: Loaded wearable protection minecraft:iron_chestplate with modifier 0.1
[15:00:03] [main/INFO] [hordes/]: Loaded wearable protection minecraft:iron_helmet with modifier 0.1
[15:00:03] [main/INFO] [hordes/]: Loaded wearable protection minecraft:golden_boots with modifier 0.1
[15:00:03] [main/INFO] [hordes/]: Loaded wearable protection minecraft:golden_leggings with modifier 0.1
[15:00:03] [main/INFO] [hordes/]: Loaded wearable protection minecraft:golden_chestplate with modifier 0.1
[15:00:03] [main/INFO] [hordes/]: Loaded wearable protection minecraft:golden_helmet with modifier 0.1
[15:00:03] [main/INFO] [hordes/]: Loaded wearable protection minecraft:diamond_boots with modifier 0.15
[15:00:03] [main/INFO] [hordes/]: Loaded wearable protection minecraft:diamond_leggings with modifier 0.15
[15:00:03] [main/INFO] [hordes/]: Loaded wearable protection minecraft:diamond_chestplate with modifier 0.15
[15:00:03] [main/INFO] [hordes/]: Loaded wearable protection minecraft:diamond_helmet with modifier 0.15
[15:00:03] [main/INFO] [hordes/]: Loaded wearable protection minecraft:netherite_boots with modifier 0.2
[15:00:03] [main/INFO] [hordes/]: Loaded wearable protection minecraft:netherite_leggings with modifier 0.2
[15:00:03] [main/INFO] [hordes/]: Loaded wearable protection minecraft:netherite_chestplate with modifier 0.2
[15:00:03] [main/INFO] [hordes/]: Loaded wearable protection minecraft:netherite_helmet with modifier 0.2
[15:00:03] [main/INFO] [hordes/]: Loaded wearable protection minecraft:turtle_helmet with modifier 0.2
[15:00:03] [main/INFO] [hordes/]: Loaded wearable protection minecraft:leather_horse_armor with modifier 0.3
[15:00:03] [main/INFO] [hordes/]: Loaded wearable protection minecraft:iron_horse_armor with modifier 0.4
[15:00:03] [main/INFO] [hordes/]: Loaded wearable protection minecraft:golden_horse_armor with modifier 0.4
[15:00:03] [main/INFO] [hordes/]: Loaded wearable protection minecraft:diamond_horse_armor with modifier 0.5
[15:00:03] [main/INFO] [hordes/]: Loaded wearable protection minecraft:wolf_armor with modifier 1.0
[15:00:03] [main/INFO] [hordes/]: Loading entity infection list hordes:infection_entities
[15:00:03] [main/INFO] [hordes/]: Loaded infection entity minecraft:zombie with infect chance 0.75
[15:00:03] [main/INFO] [hordes/]: Loaded infection entity minecraft:zombie_villager with infect chance 0.75
[15:00:03] [main/INFO] [hordes/]: Loaded infection entity minecraft:husk with infect chance 0.8
[15:00:03] [main/INFO] [hordes/]: Loaded infection entity minecraft:drowned with infect chance 0.7
[15:00:03] [main/INFO] [hordes/]: Loaded infection entity minecraft:zombie_horse with infect chance 0.7
[15:00:03] [main/INFO] [hordes/]: Loaded infection entity minecraft:zombified_piglin with infect chance 0.7
[15:00:03] [main/INFO] [hordes/]: Loaded infection entity minecraft:zoglin with infect chance 0.5
[15:00:03] [main/INFO] [hordes/]: Loaded infection entity hordes:zombie_player with infect chance 0.75
[15:00:03] [main/INFO] [hordes/]: Loaded infection entity hordes:husk_player with infect chance 0.8
[15:00:03] [main/INFO] [hordes/]: Loaded infection entity hordes:drowned_player with infect chance 0.7
[15:00:03] [main/INFO] [rechiseled/]: Loaded 44 chiseling recipes
[15:00:03] [main/WARN] [minecraft/MappedRegistry]: Not all defined tags for registry ResourceKey[minecraft:root / minecraft:block] are present in data pack: c:incorrect_for_silver_tool, cataclysm:needs_black_steel_tool, cataclysm:needs_monstrosity_tool
[15:00:03] [main/WARN] [minecraft/MappedRegistry]: Not all defined tags for registry ResourceKey[minecraft:root / minecraft:entity_type] are present in data pack: minecraft:sensitive_to_smite
[15:00:05] [main/INFO] [Supplementaries/]: Registering custom dispenser behaviors
[15:00:05] [main/INFO] [co.po.sl.SliceAndDice/]: Injecting recipes
[15:00:05] [main/WARN] [ModernFix/]: Initial datapack load took 24.26 s
[15:00:05] [Server thread/INFO] [minecraft/DedicatedServer]: Starting minecraft server version 1.21.1
[15:00:05] [Server thread/INFO] [minecraft/DedicatedServer]: Loading properties
[15:00:05] [Server thread/INFO] [minecraft/DedicatedServer]: Default game type: SURVIVAL
[15:00:05] [Server thread/INFO] [minecraft/MinecraftServer]: Generating keypair
[15:00:05] [Server thread/INFO] [minecraft/DedicatedServer]: Starting Minecraft server on *:25565
[15:00:06] [Server thread/INFO] [de.ry.sa.Sable/]: Adding UDP server channel future
[15:00:06] [Netty Server IO #0/INFO] [de.ry.sa.Sable/]: Server UDP channel active
[15:00:06] [Server thread/INFO] [minecraft/ServerConnectionListener]: Using default channel type
[15:00:06] [Server thread/WARN] [minecraft/DedicatedServer]: **** SERVER IS RUNNING IN OFFLINE/INSECURE MODE!
[15:00:06] [Server thread/WARN] [minecraft/DedicatedServer]: The server will make no attempt to authenticate usernames. Beware.
[15:00:06] [Server thread/WARN] [minecraft/DedicatedServer]: While this makes the game possible to play without internet access, it also opens up the ability for hackers to connect with any username they choose.
[15:00:06] [Server thread/WARN] [minecraft/DedicatedServer]: To change this, set "online-mode" to "true" in the server.properties file.
[15:00:06] [Server thread/INFO] [Puzzles Lib/]: Dispatching loading event for config enchantinginfuser-server.toml
[15:00:06] [Server thread/INFO] [FluxNetworks/Energy]: Energy blacklist loaded: 0 block entries, 0 item entries
[15:00:06] [Server thread/WARN] [ne.ne.fm.co.ConfigTracker/CONFIG]: Configuration file C:\Users\Windows\Documents\Codex\2026-07-10\goa\tmp\vvh-server-work-final4-20260808\server\config\irons_spellbooks-server.toml is not correct. Correcting
[15:00:06] [Server thread/WARN] [ne.ne.ne.co.ModConfigSpec/CORE]: Configuration LoadedConfig[config=SynchronizedConfig{DataHolder:{kinetics=SynchronizedConfig{DataHolder:{deployerKillDropXp=true, deployerKillXpScale=1.0, deployerMineDropXp=true, deployerMineXpScale=1.0, deployerCollectXp=true, deployerMendItem=true, deployerSweepAttack=true, crushingWheelKillDropXp=true, crushingWheelKillDropXpChance=0.30000001192092896, crushingWheelKillDropXpScale=0.3400000035762787, stressValues=SynchronizedConfig{DataHolder:{v1=SynchronizedConfig{DataHolder:{impact=SynchronizedConfig{DataHolder:{mechanical_grindstone=4.0, grindstone_drain=4.0}}}}}}, fluids=SynchronizedConfig{DataHolder:{experienceVaporizeOnPlacement=true, printerFluidCapacity=4000, enableWrittenBookPrinting=true, enableEnchantedBookPrinting=true, enableCreateCopiableItemPrinting=true, enablePackagePatternPrinting=true, enablePackageAddressPrinting=true, enableCustomNamePrinting=true, enableBannerPatternPrinting=true, printingCustomNameAsItemName=false, printingGenerationChange=-3, printingEnchantedBookCostMultiplier=1.0, printingEnchantedBookDenylistStopCopying=true, blazeEnchanterFluidCapacity=4000, blazeForgerFluidCapacity=4000, experienceLanternFluidCapacity=1000, experienceLanternDrainRate=50, experienceLanternPullToggle=true, experienceLanternPullRadius=10, experienceLanternPullForceMultiplier=0.07500000298023224, mechanicalGrindstoneFluidCapacity=1000}}, enchantments=SynchronizedConfig{DataHolder:{blazeEnchanterMaxEnchantLevel=30, blazeEnchanterMaxSuperEnchantLevel=60, blazeEnchanterBlockedLightningCurseChance=0.5, blazeEnchanterBlockedLightningCurseCount=1, blazeEnchanterBlockedLightningCurseMaxLevel=1, blazeEnchanterMaxLevelExtension=1, blazeForgerMaxLevelExtension=1, ignoreEnchantmentCompatibility=true, extractEnchantmentRespectLevelExtension=false}}, processing=SynchronizedConfig{DataHolder:{regularLightningStrikeTransformXpBlockChance=1.0, classicBlazeEnchanterFluidCapacity=4000, classicBlazeEnchanterNormalEnchantingCostCoefficient=1.0, classicBlazeEnchanterSuperEnchantingCostCoefficient=1.0, classicBlazeEnchanterSuperEnchantingCurseLevelDroppingRate=0.25, blazeEnchanterNormalEnchantingCostMultiplier=1.0, blazeEnchanterSuperEnchantingCostMultiplier=1.0, blazeEnchanterDirectEnchantingCostMultiplier=1.0, blazeEnchanterTemplateEnchantingCostMultiplier=1.0, blazeForgerNormalForgingCostMultiplier=1.0, blazeForgerSuperForgingCostMultiplier=1.0, blazeForgerMergeCostMultiplier=1.0, blazeForgerApplyCostMultiplier=1.0, blazeForgerExtractCostMultiplier=1.0, blazeForgerConflictExtraLevelCost=1, blazeForgerDurabilityRepairLevelCost=2}}}}}}, path=C:\Users\Windows\Documents\Codex\2026-07-10\goa\tmp\vvh-server-work-final4-20260808\server\config\create_enchantment_industry-server.toml, modConfig=net.neoforged.fml.config.ModConfig@60801dea] is not correct. Correcting
[15:00:06] [Server thread/WARN] [ne.ne.ne.co.ModConfigSpec/CORE]: Incorrect key kinetics.fluids.mechanicalGrindstoneFluidCapacity was corrected from 1000 to its default, 5000. 
[15:00:06] [Server thread/WARN] [ne.ne.ne.co.ModConfigSpec/CORE]: Configuration LoadedConfig[config=SynchronizedConfig{DataHolder:{balance=SynchronizedConfig{DataHolder:{lord actions=SynchronizedConfig{DataHolder:{lordSpeedEnabled=true, lordAttackSpeedCooldown=120, lordSpeedDuration=30, lordAttackSpeedEnabled=true, lordAttackSpeedDuration=30, lordSpeedCooldown=120}}, hunterPlayer=SynchronizedConfig{DataHolder:{strengthType=0.5, strengthMaxMod=0.3}}, hunterActions=SynchronizedConfig{DataHolder:{potionResistanceCooldown=1200, awarenessDuration=2147483647, potionResistanceDuration=400, disguiseEnabled=true, disguiseVisibilityMod=0.2, potionResistanceEnabled=true, awarenessRadius=25, awarenessEnabled=true, awarenessCooldown=1, disguiseInvisibleSQ=128}}, vampirePlayer=SynchronizedConfig{DataHolder:{naturalArmorToughnessIncrease=8, sunscreenBuff=false, fireVulnerabilityMod=1.5, sundamageWeaknessMinLevel=2, nightVisionDisabled=false, exhaustionMaxMod=1.0, bloodUsagePeaceful=false, sundamageWaterblocks=4, sundamageNauseaMinLevel=3, sundamageNausea=false, playerBloodSaturation=1.5, sundamageInstantDeath=false, naturalArmorBaseValue=10, neonatalDuration=2, naturalArmorIncrease=10, maxYellowBorderPercentage=15, bloodVisionDisabled=false, healthMaxMod=20.0, attackSpeedMaxMod=0.15, armorPenalty=true, bloodExhaustionFactor=0.3, sundamageMinLevel=4, speedMaxMod=0.5, immortalFromDamageSources=[], fireResistanceReplace=false, sundamage=1.0, dbnoDuration=30, sanguinareAverageDuration=900, naturalArmorRegenDuration=2}}, entityActions=SynchronizedConfig{DataHolder:{ignoreSundamageDuration=5, invisibilityDuration=4, speedCooldown=6, garlicCooldown=5, regenerationAmount=40, healAmount=30, sunscreenDuration=9, healthThreshold=0.3, regenerationDuration=5, garlicDuration=5, batspawnAmount=4, sunscreenCooldown=10, darkProjectileDamage=5.0, invisibilityCooldown=7, healCooldown=7, regenerationCooldown=8, darkProjectileIndirectDamage=2.0, speedDuration=4, darkProjectileCooldown=10, speedAmount=0.14, batspawnCooldown=15, ignoreSundamageCooldown=6}}, vampireSkills=SynchronizedConfig{DataHolder:{bloodThirstReduction1=-0.95, smallAttackDamageMultiplier=0.10000000149011612, swordFinisherOnPlayer=true, speedBoost=0.15, smallAttackDamageModifier=1.0, dbnoReduction=0.5, sundamageReduction1=-0.5, neonatalReduction=0.5, swordFinisherMaxHealth=0.25, jumpBoost=1, bloodVisionDistanceSq=1600, smallAttackSpeedModifier=0.15}}, vampire_refinements=SynchronizedConfig{DataHolder:{halfInvulnerableThresholdMod=0.7, bloodChargeSpeedMod=3, swordFinisherThresholdMod=1.25, darkBloodProjectileAOECooldownMod=2.0, sunscreenDurationMod=1.5, darkBloodProjectileAOERange=16, rageFuryDurationBonus=5, teleportDistanceMod=1.5, freezeDurationMod=1.4, vistaMod=1.0, darkBloodProjectileDamageMod=1.5, swordTrainingSpeedMod=1.2, teleportCooldownMod=0.5}}, minions=SynchronizedConfig{DataHolder:{deathRecoveryTime=220, minionPerLordLevel=2, resourceCooldown=1500, equipmentRepairAmount=20, resourceCooldownOfflineMult=20.0}}, general=SynchronizedConfig{DataHolder:{vampireSwordChargingFactor=5.0E-4, holyWaterSplashDamage=7, holyWaterBlindnessDuration=160, dropOrchidFromLeavesChance=25, zombieIgnoreVampire=true, golemAttackNonVillageFaction=true, crossbowDamageMult=1.0, taskMasterMaxTaskAmount=3, vampireSwordBloodUsageFactor=0.5, creeperIgnoreVampire=true, allowInfiniteSpecialArrows=true, garlicDiffuserStartupTime=100, holyWaterTierDamageInc=3.0, skeletonIgnoreVampire=true, canCancelSanguinare=true, skillPointsPerLevel=3.0, skillPointsPerLordLevel=3.0, taskDurationSinglePlayer=120, taskDurationDedicatedServer=1440, holyWaterNauseaDuration=200, arrowVampireKillerMaxHealth=80, hunterTentMaxSpawn=4}}, hunterSkills=SynchronizedConfig{DataHolder:{majorAttackSpeedModifier=0.7, instantKill2OnlyNPC=true, garlicDiffuserEnhancedDist=1, instantKill2MaxHealth=200, smallAttackDamageModifier=1.0, instantKill1FromBehind=false, instantKill1MaxHealth=0.35, instantKill1Player=true, garlicDiffuserNormalDist=0, garlicDiffuserWeakDist=2, smallAttackSpeedModifier=0.2}}, vampireActions=SynchronizedConfig{DataHolder:{jumpBoostDuration=2147483647, invisibilityDuration=25, rageCooldown=20, rageMinDuration=13, disguiseEnabled=true, sunscreenDuration=40, batDuration=2147483647, regenerationEnabled=true, batCooldown=0, sunscreenCooldown=500, disguiseCooldown=60, halfInvulnerableDuration=30, invisibilityCooldown=25, halfInvulnerableBloodCost=4, regenerationCooldown=60, invisibilityEnabled=true, batFlightSpeed=0.02500000037252903, darkBloodProjectileEnabled=true, hissingCooldown=60, jumpBoostCooldown=0, darkBloodProjectileDamage=6.0, halfInvulnerableCooldown=60, disguiseDuration=60, halfInvulnerableEnabled=true, batAllowInteraction=false, teleportCooldown=1, rageEnabled=true, jumpBoostEnabled=true, hissingEnabled=true, freezeEnabled=true, freezeDuration=10, regenerationDuration=20, sunscreenEnabled=true, summonBatsCount=16, teleportEnabled=true, halfInvulnerableThreshold=0.4, batExhaustion=0.004999999888241291, batHealthReduction=0.9, summonBatsEnabled=true, freezeCooldown=60, batEnabled=true, rageDurationIncrease=10, teleportMaxDistance=150, summonBatsCooldown=300, darkBloodProjectileCooldown=4}}, village=SynchronizedConfig{DataHolder:{notifyDistanceSQ=40000, maxVillagerRespawn=30, randomRaidChance=1.38888888889E-4, forceTargetTime=80, phase1Duration=80, maxTotemRadius=100}}, items=SynchronizedConfig{DataHolder:{applicableOilPickaxeReverse=false, applicableOilArmorReverse=false, applicableOilSwordReverse=false}}}}}}, path=C:\Users\Windows\Documents\Codex\2026-07-10\goa\tmp\vvh-server-work-final4-20260808\server\config\vampirism-balance.toml, modConfig=net.neoforged.fml.config.ModConfig@5db45d8a] is not correct. Correcting
[15:00:06] [Server thread/WARN] [ne.ne.ne.co.ModConfigSpec/CORE]: Incorrect key balance.vampire_refinements.teleportCooldownMod was corrected from 0.5 to its default, 1.0. 
[15:00:06] [Server thread/INFO] [Di.se.di.co.co.ConfigHandler/]: Initialising config for [DistantHorizons]
[15:00:07] [Server thread/INFO] [Di.se.di.co.co.ConfigHandler/]: [DistantHorizons] Config initialised
[15:00:07] [Server thread/INFO] [Di.se.di.co.co.ev.IgnoredDimensionCsvHandler/]: Dimension ignoring disabled, DH will render all dimensions.
[15:00:07] [Server thread/INFO] [co.se.di.co.lo.DhLogger/]: Applying config to loggers
[15:00:07] [Server thread/INFO] [Di.se.di.co.Initializer/]: Garbage collectors: [G1 Young Generation, G1 Concurrent GC, G1 Old Generation]
[15:00:07] [Server thread/WARN] [Di.se.di.co.Initializer/]: Distant Horizons: G1 Garbage collector detected.
This can cause FPS stuttering. 
It's recommended to use a concurrent garbage collector 
like ZGC (Java 21+) or Shenandoah (Java 8 through 17) 
for a smoother experience. 
This warning can be disabled in the DH config.
[15:00:07] [Server thread/INFO] [Di.se.di.co.Initializer/]: Explicit Garbage Collection: [Enabled]
[15:00:07] [Server thread/INFO] [Di.se.di.co.AbstractModInitializer_neoforge/]: Running Delayed setup...
[15:00:07] [Server thread/INFO] [Di.se.di.co.AbstractModInitializer_neoforge/]: Delayed setup complete, firing DhApiAfterDhInitEvent event...
[15:00:07] [Server thread/INFO] [Di.se.di.co.ja.up.SelfUpdater/]: Checking for Distant Horizons [STABLE] update for MC [1.21.1]...
[15:00:07] [Server thread/INFO] [Di.se.di.co.ja.up.SelfUpdater/]: Distant Horizons already up to date.
[15:00:07] [Server thread/INFO] [Di.se.di.co.AbstractModInitializer_neoforge/]: Distant Horizons server Initialized at 
[15:00:07] [Server thread/INFO] [Di.se.di.co.wo.AbstractDhWorld/]: Started [DhServerWorld] of type [SERVER_ONLY].
[15:00:07] [Server thread/INFO] [minecraft/DedicatedServer]: Preparing level "vvh-ci-world"
[15:00:07] [Server thread/INFO] [de.ry.sa.Sable/]: Creating physics pipeline for ResourceKey[minecraft:dimension / minecraft:overworld] using RapierPhysicsPipelineProvider
[2026-08-08T22:00:08.257639300Z] [[32mINFO[0m] (sable_rapier) Rapier scene initialized
[15:00:09] [Server thread/INFO] [Di.se.di.co.sq.DatabaseUpdater/]: Running SQL update script: [sqlScripts/0010-sqlite-createInitialDataTables.sql], for repo: [.\vvh-ci-world\data\DistantHorizons.sqlite]
[15:00:09] [Server thread/INFO] [Di.se.di.co.sq.DatabaseUpdater/]: Running SQL update script: [sqlScripts/0020-sqlite-createFullDataSourceV2Tables.sql], for repo: [.\vvh-ci-world\data\DistantHorizons.sqlite]
[15:00:09] [Server thread/INFO] [Di.se.di.co.sq.DatabaseUpdater/]: Running SQL update script: [sqlScripts/0030-sqlite-changeTableJournaling.sql], for repo: [.\vvh-ci-world\data\DistantHorizons.sqlite]
[15:00:09] [Server thread/INFO] [Di.se.di.co.sq.DatabaseUpdater/]: Running SQL update script: [sqlScripts/0031-sqlite-useSqliteWalJournaling.sql], for repo: [.\vvh-ci-world\data\DistantHorizons.sqlite]
[15:00:09] [Server thread/INFO] [Di.se.di.co.sq.DatabaseUpdater/]: Running SQL update script: [sqlScripts/0040-sqlite-removeRenderCache.sql], for repo: [.\vvh-ci-world\data\DistantHorizons.sqlite]
[15:00:09] [Server thread/INFO] [Di.se.di.co.sq.DatabaseUpdater/]: Running SQL update script: [sqlScripts/0050-sqlite-addApplyToParentIndex.sql], for repo: [.\vvh-ci-world\data\DistantHorizons.sqlite]
[15:00:09] [Server thread/INFO] [Di.se.di.co.sq.DatabaseUpdater/]: Running SQL update script: [sqlScripts/0060-sqlite-createChunkHashTable.sql], for repo: [.\vvh-ci-world\data\DistantHorizons.sqlite]
[15:00:09] [Server thread/INFO] [Di.se.di.co.sq.DatabaseUpdater/]: Running SQL update script: [sqlScripts/0070-sqlite-createBeaconBeamTable.sql], for repo: [.\vvh-ci-world\data\DistantHorizons.sqlite]
[15:00:09] [Server thread/INFO] [Di.se.di.co.sq.DatabaseUpdater/]: Running SQL update script: [sqlScripts/0080-sqlite-addApplyToChildrenColumn.sql], for repo: [.\vvh-ci-world\data\DistantHorizons.sqlite]
[15:00:09] [Server thread/INFO] [Di.se.di.co.sq.DatabaseUpdater/]: Running SQL update script: [sqlScripts/0090-sqlite-addAdjacentFullDataColumns.sql], for repo: [.\vvh-ci-world\data\DistantHorizons.sqlite]
[15:00:09] [Server thread/INFO] [Di.se.di.co.sq.DatabaseUpdater/]: Running SQL update script: [sqlScripts/0100-sqlite-deleteLowDetailDataForRegen.sql], for repo: [.\vvh-ci-world\data\DistantHorizons.sqlite]
[15:00:09] [Server thread/INFO] [Di.se.di.co.le.AbstractDhServerLevel/]: Started DhServerLevel for [Wrapped{ServerLevel[vvh-ci-world]@minecraft:overworld}] at [[LocalSaveStructure@(.\vvh-ci-world\data)]].
[15:00:10] [DH-Full Data Migration Thread[0]/INFO] [Di.se.di.co.fi.fu.V2.DataMigratorV1/]: No migration necessary.
[15:00:10] [Server thread/WARN] [mixin/]: Method overwrite conflict for removeIf in lithium.mixins.json:collections.chunk_tickets.SortedArraySetMixin from mod lithium, previously written by org.embeddedt.modernfix.common.mixin.bugfix.paper_chunk_patches.SortedArraySetMixin. Skipping method.
[15:00:17] [DH-Request Module Ticker [minecraft:overworld] Thread[0]/INFO] [Di.se.di.co.ge.BatchGenerator/]: Batch Chunk Generator initialized
[15:00:17] [DH-Request Module Ticker [minecraft:overworld] Thread[0]/INFO] [Di.se.di.co.ge.qu.WorldGenerationQueue/]: Creating world gen queue
[15:00:17] [DH-Request Module Ticker [minecraft:overworld] Thread[0]/INFO] [Di.se.di.co.ge.qu.WorldGenerationQueue/]: Created world gen queue
[15:00:17] [DH-Request Module Ticker [minecraft:overworld] Thread[0]/INFO] [Di.se.di.co.fi.fu.GeneratedFullDataSourceProvider/]: Set world gen queue for level [minecraft:overworld].
[15:00:31] [Server thread/INFO] [de.ry.sa.Sable/]: Creating physics pipeline for ResourceKey[minecraft:dimension / minecraft:the_end] using RapierPhysicsPipelineProvider
[2026-08-08T22:00:31.646744800Z] [[32mINFO[0m] (sable_rapier) Rapier scene initialized
[15:00:31] [Server thread/INFO] [Di.se.di.co.sq.DatabaseUpdater/]: Running SQL update script: [sqlScripts/0010-sqlite-createInitialDataTables.sql], for repo: [.\vvh-ci-world\DIM1\data\DistantHorizons.sqlite]
[15:00:31] [Server thread/INFO] [Di.se.di.co.sq.DatabaseUpdater/]: Running SQL update script: [sqlScripts/0020-sqlite-createFullDataSourceV2Tables.sql], for repo: [.\vvh-ci-world\DIM1\data\DistantHorizons.sqlite]
[15:00:31] [Server thread/INFO] [Di.se.di.co.sq.DatabaseUpdater/]: Running SQL update script: [sqlScripts/0030-sqlite-changeTableJournaling.sql], for repo: [.\vvh-ci-world\DIM1\data\DistantHorizons.sqlite]
[15:00:31] [Server thread/INFO] [Di.se.di.co.sq.DatabaseUpdater/]: Running SQL update script: [sqlScripts/0031-sqlite-useSqliteWalJournaling.sql], for repo: [.\vvh-ci-world\DIM1\data\DistantHorizons.sqlite]
[15:00:31] [Server thread/INFO] [Di.se.di.co.sq.DatabaseUpdater/]: Running SQL update script: [sqlScripts/0040-sqlite-removeRenderCache.sql], for repo: [.\vvh-ci-world\DIM1\data\DistantHorizons.sqlite]
[15:00:31] [Server thread/INFO] [Di.se.di.co.sq.DatabaseUpdater/]: Running SQL update script: [sqlScripts/0050-sqlite-addApplyToParentIndex.sql], for repo: [.\vvh-ci-world\DIM1\data\DistantHorizons.sqlite]
[15:00:31] [Server thread/INFO] [Di.se.di.co.sq.DatabaseUpdater/]: Running SQL update script: [sqlScripts/0060-sqlite-createChunkHashTable.sql], for repo: [.\vvh-ci-world\DIM1\data\DistantHorizons.sqlite]
[15:00:31] [Server thread/INFO] [Di.se.di.co.sq.DatabaseUpdater/]: Running SQL update script: [sqlScripts/0070-sqlite-createBeaconBeamTable.sql], for repo: [.\vvh-ci-world\DIM1\data\DistantHorizons.sqlite]
[15:00:31] [Server thread/INFO] [Di.se.di.co.sq.DatabaseUpdater/]: Running SQL update script: [sqlScripts/0080-sqlite-addApplyToChildrenColumn.sql], for repo: [.\vvh-ci-world\DIM1\data\DistantHorizons.sqlite]
[15:00:31] [Server thread/INFO] [Di.se.di.co.sq.DatabaseUpdater/]: Running SQL update script: [sqlScripts/0090-sqlite-addAdjacentFullDataColumns.sql], for repo: [.\vvh-ci-world\DIM1\data\DistantHorizons.sqlite]
[15:00:31] [Server thread/INFO] [Di.se.di.co.sq.DatabaseUpdater/]: Running SQL update script: [sqlScripts/0100-sqlite-deleteLowDetailDataForRegen.sql], for repo: [.\vvh-ci-world\DIM1\data\DistantHorizons.sqlite]
[15:00:31] [DH-Full Data Migration Thread[0]/INFO] [Di.se.di.co.fi.fu.V2.DataMigratorV1/]: No migration necessary.
[15:00:31] [Server thread/INFO] [Di.se.di.co.le.AbstractDhServerLevel/]: Started DhServerLevel for [Wrapped{ServerLevel[vvh-ci-world]@minecraft:the_end}] at [[LocalSaveStructure@(.\vvh-ci-world\DIM1\data;.\vvh-ci-world\data)]].
[15:00:31] [Server thread/INFO] [de.ry.sa.Sable/]: Creating physics pipeline for ResourceKey[minecraft:dimension / minecraft:the_nether] using RapierPhysicsPipelineProvider
[2026-08-08T22:00:31.938452800Z] [[32mINFO[0m] (sable_rapier) Rapier scene initialized
[15:00:32] [Server thread/INFO] [Di.se.di.co.sq.DatabaseUpdater/]: Running SQL update script: [sqlScripts/0010-sqlite-createInitialDataTables.sql], for repo: [.\vvh-ci-world\DIM-1\data\DistantHorizons.sqlite]
[15:00:32] [Server thread/INFO] [Di.se.di.co.sq.DatabaseUpdater/]: Running SQL update script: [sqlScripts/0020-sqlite-createFullDataSourceV2Tables.sql], for repo: [.\vvh-ci-world\DIM-1\data\DistantHorizons.sqlite]
[15:00:32] [Server thread/INFO] [Di.se.di.co.sq.DatabaseUpdater/]: Running SQL update script: [sqlScripts/0030-sqlite-changeTableJournaling.sql], for repo: [.\vvh-ci-world\DIM-1\data\DistantHorizons.sqlite]
[15:00:32] [Server thread/INFO] [Di.se.di.co.sq.DatabaseUpdater/]: Running SQL update script: [sqlScripts/0031-sqlite-useSqliteWalJournaling.sql], for repo: [.\vvh-ci-world\DIM-1\data\DistantHorizons.sqlite]
[15:00:32] [Server thread/INFO] [Di.se.di.co.sq.DatabaseUpdater/]: Running SQL update script: [sqlScripts/0040-sqlite-removeRenderCache.sql], for repo: [.\vvh-ci-world\DIM-1\data\DistantHorizons.sqlite]
[15:00:32] [Server thread/INFO] [Di.se.di.co.sq.DatabaseUpdater/]: Running SQL update script: [sqlScripts/0050-sqlite-addApplyToParentIndex.sql], for repo: [.\vvh-ci-world\DIM-1\data\DistantHorizons.sqlite]
[15:00:32] [Server thread/INFO] [Di.se.di.co.sq.DatabaseUpdater/]: Running SQL update script: [sqlScripts/0060-sqlite-createChunkHashTable.sql], for repo: [.\vvh-ci-world\DIM-1\data\DistantHorizons.sqlite]
[15:00:32] [Server thread/INFO] [Di.se.di.co.sq.DatabaseUpdater/]: Running SQL update script: [sqlScripts/0070-sqlite-createBeaconBeamTable.sql], for repo: [.\vvh-ci-world\DIM-1\data\DistantHorizons.sqlite]
[15:00:32] [Server thread/INFO] [Di.se.di.co.sq.DatabaseUpdater/]: Running SQL update script: [sqlScripts/0080-sqlite-addApplyToChildrenColumn.sql], for repo: [.\vvh-ci-world\DIM-1\data\DistantHorizons.sqlite]
[15:00:32] [Server thread/INFO] [Di.se.di.co.sq.DatabaseUpdater/]: Running SQL update script: [sqlScripts/0090-sqlite-addAdjacentFullDataColumns.sql], for repo: [.\vvh-ci-world\DIM-1\data\DistantHorizons.sqlite]
[15:00:32] [Server thread/INFO] [Di.se.di.co.sq.DatabaseUpdater/]: Running SQL update script: [sqlScripts/0100-sqlite-deleteLowDetailDataForRegen.sql], for repo: [.\vvh-ci-world\DIM-1\data\DistantHorizons.sqlite]
[15:00:32] [DH-Full Data Migration Thread[0]/INFO] [Di.se.di.co.fi.fu.V2.DataMigratorV1/]: No migration necessary.
[15:00:32] [Server thread/INFO] [Di.se.di.co.le.AbstractDhServerLevel/]: Started DhServerLevel for [Wrapped{ServerLevel[vvh-ci-world]@minecraft:the_nether}] at [[LocalSaveStructure@(.\vvh-ci-world\DIM1\data;.\vvh-ci-world\DIM-1\data;.\vvh-ci-world\data)]].
[15:00:32] [Server thread/INFO] [de.ry.sa.Sable/]: Creating physics pipeline for ResourceKey[minecraft:dimension / irons_spellbooks:pocket_dimension] using RapierPhysicsPipelineProvider
[2026-08-08T22:00:32.149630000Z] [[32mINFO[0m] (sable_rapier) Rapier scene initialized
[15:00:32] [Server thread/INFO] [Di.se.di.co.sq.DatabaseUpdater/]: Running SQL update script: [sqlScripts/0010-sqlite-createInitialDataTables.sql], for repo: [.\vvh-ci-world\dimensions\irons_spellbooks\pocket_dimension\data\DistantHorizons.sqlite]
[15:00:32] [Server thread/INFO] [Di.se.di.co.sq.DatabaseUpdater/]: Running SQL update script: [sqlScripts/0020-sqlite-createFullDataSourceV2Tables.sql], for repo: [.\vvh-ci-world\dimensions\irons_spellbooks\pocket_dimension\data\DistantHorizons.sqlite]
[15:00:32] [Server thread/INFO] [Di.se.di.co.sq.DatabaseUpdater/]: Running SQL update script: [sqlScripts/0030-sqlite-changeTableJournaling.sql], for repo: [.\vvh-ci-world\dimensions\irons_spellbooks\pocket_dimension\data\DistantHorizons.sqlite]
[15:00:32] [Server thread/INFO] [Di.se.di.co.sq.DatabaseUpdater/]: Running SQL update script: [sqlScripts/0031-sqlite-useSqliteWalJournaling.sql], for repo: [.\vvh-ci-world\dimensions\irons_spellbooks\pocket_dimension\data\DistantHorizons.sqlite]
[15:00:32] [Server thread/INFO] [Di.se.di.co.sq.DatabaseUpdater/]: Running SQL update script: [sqlScripts/0040-sqlite-removeRenderCache.sql], for repo: [.\vvh-ci-world\dimensions\irons_spellbooks\pocket_dimension\data\DistantHorizons.sqlite]
[15:00:32] [Server thread/INFO] [Di.se.di.co.sq.DatabaseUpdater/]: Running SQL update script: [sqlScripts/0050-sqlite-addApplyToParentIndex.sql], for repo: [.\vvh-ci-world\dimensions\irons_spellbooks\pocket_dimension\data\DistantHorizons.sqlite]
[15:00:32] [Server thread/INFO] [Di.se.di.co.sq.DatabaseUpdater/]: Running SQL update script: [sqlScripts/0060-sqlite-createChunkHashTable.sql], for repo: [.\vvh-ci-world\dimensions\irons_spellbooks\pocket_dimension\data\DistantHorizons.sqlite]
[15:00:32] [Server thread/INFO] [Di.se.di.co.sq.DatabaseUpdater/]: Running SQL update script: [sqlScripts/0070-sqlite-createBeaconBeamTable.sql], for repo: [.\vvh-ci-world\dimensions\irons_spellbooks\pocket_dimension\data\DistantHorizons.sqlite]
[15:00:32] [Server thread/INFO] [Di.se.di.co.sq.DatabaseUpdater/]: Running SQL update script: [sqlScripts/0080-sqlite-addApplyToChildrenColumn.sql], for repo: [.\vvh-ci-world\dimensions\irons_spellbooks\pocket_dimension\data\DistantHorizons.sqlite]
[15:00:32] [Server thread/INFO] [Di.se.di.co.sq.DatabaseUpdater/]: Running SQL update script: [sqlScripts/0090-sqlite-addAdjacentFullDataColumns.sql], for repo: [.\vvh-ci-world\dimensions\irons_spellbooks\pocket_dimension\data\DistantHorizons.sqlite]
[15:00:32] [Server thread/INFO] [Di.se.di.co.sq.DatabaseUpdater/]: Running SQL update script: [sqlScripts/0100-sqlite-deleteLowDetailDataForRegen.sql], for repo: [.\vvh-ci-world\dimensions\irons_spellbooks\pocket_dimension\data\DistantHorizons.sqlite]
[15:00:32] [DH-Full Data Migration Thread[0]/INFO] [Di.se.di.co.fi.fu.V2.DataMigratorV1/]: No migration necessary.
[15:00:32] [Server thread/INFO] [Di.se.di.co.le.AbstractDhServerLevel/]: Started DhServerLevel for [Wrapped{ServerLevel[vvh-ci-world]@irons_spellbooks:pocket_dimension}] at [[LocalSaveStructure@(.\vvh-ci-world\DIM1\data;.\vvh-ci-world\DIM-1\data;.\vvh-ci-world\dimensions\irons_spellbooks\pocket_dimension\data;.\vvh-ci-world\data)]].
[15:00:32] [Server thread/INFO] [minecraft/MinecraftServer]: Preparing start region for dimension minecraft:overworld
[15:00:32] [Server thread/INFO] [KubeJS Server/]: Server resource reload complete!
[15:00:32] [Worker-Main-4/INFO] [minecraft/LoggerChunkProgressListener]: Preparing spawn area: 2%
[15:00:32] [DH-Request Module Ticker [minecraft:the_end] Thread[0]/INFO] [Di.se.di.co.ge.BatchGenerator/]: Batch Chunk Generator initialized
[15:00:32] [DH-Request Module Ticker [minecraft:the_end] Thread[0]/INFO] [Di.se.di.co.ge.qu.WorldGenerationQueue/]: Creating world gen queue
[15:00:32] [DH-Request Module Ticker [minecraft:the_end] Thread[0]/INFO] [Di.se.di.co.ge.qu.WorldGenerationQueue/]: Created world gen queue
[15:00:32] [DH-Request Module Ticker [minecraft:the_end] Thread[0]/INFO] [Di.se.di.co.fi.fu.GeneratedFullDataSourceProvider/]: Set world gen queue for level [minecraft:the_end].
[15:00:32] [DH-Request Module Ticker [minecraft:the_nether] Thread[0]/INFO] [Di.se.di.co.ge.BatchGenerator/]: Batch Chunk Generator initialized
[15:00:32] [DH-Request Module Ticker [minecraft:the_nether] Thread[0]/INFO] [Di.se.di.co.ge.qu.WorldGenerationQueue/]: Creating world gen queue
[15:00:32] [DH-Request Module Ticker [minecraft:the_nether] Thread[0]/INFO] [Di.se.di.co.ge.qu.WorldGenerationQueue/]: Created world gen queue
[15:00:32] [DH-Request Module Ticker [minecraft:the_nether] Thread[0]/INFO] [Di.se.di.co.fi.fu.GeneratedFullDataSourceProvider/]: Set world gen queue for level [minecraft:the_nether].
[15:00:32] [DH-Request Module Ticker [irons_spellbooks:pocket_dimension] Thread[0]/INFO] [Di.se.di.co.ge.BatchGenerator/]: Batch Chunk Generator initialized
[15:00:32] [DH-Request Module Ticker [irons_spellbooks:pocket_dimension] Thread[0]/INFO] [Di.se.di.co.ge.qu.WorldGenerationQueue/]: Creating world gen queue
[15:00:32] [DH-Request Module Ticker [irons_spellbooks:pocket_dimension] Thread[0]/INFO] [Di.se.di.co.ge.qu.WorldGenerationQueue/]: Created world gen queue
[15:00:32] [DH-Request Module Ticker [irons_spellbooks:pocket_dimension] Thread[0]/INFO] [Di.se.di.co.fi.fu.GeneratedFullDataSourceProvider/]: Set world gen queue for level [irons_spellbooks:pocket_dimension].
[15:00:32] [Worker-Main-7/INFO] [minecraft/LoggerChunkProgressListener]: Preparing spawn area: 2%
[15:00:33] [Worker-Main-6/INFO] [minecraft/LoggerChunkProgressListener]: Preparing spawn area: 2%
[15:00:33] [Worker-Main-2/INFO] [minecraft/LoggerChunkProgressListener]: Preparing spawn area: 2%
[15:00:34] [Worker-Main-6/INFO] [minecraft/LoggerChunkProgressListener]: Preparing spawn area: 2%
[15:00:34] [Worker-Main-6/INFO] [minecraft/LoggerChunkProgressListener]: Preparing spawn area: 2%
[15:00:35] [Worker-Main-7/INFO] [minecraft/LoggerChunkProgressListener]: Preparing spawn area: 2%
[15:00:35] [Worker-Main-7/INFO] [minecraft/LoggerChunkProgressListener]: Preparing spawn area: 2%
[15:00:36] [Worker-Main-2/INFO] [minecraft/LoggerChunkProgressListener]: Preparing spawn area: 2%
[15:00:36] [Worker-Main-7/INFO] [minecraft/LoggerChunkProgressListener]: Preparing spawn area: 4%
[15:00:37] [Worker-Main-7/INFO] [minecraft/LoggerChunkProgressListener]: Preparing spawn area: 18%
[15:00:38] [Worker-Main-6/INFO] [minecraft/LoggerChunkProgressListener]: Preparing spawn area: 18%
[15:00:38] [Worker-Main-2/INFO] [minecraft/LoggerChunkProgressListener]: Preparing spawn area: 18%
[15:00:38] [Worker-Main-7/INFO] [minecraft/LoggerChunkProgressListener]: Preparing spawn area: 18%
[15:00:39] [Worker-Main-6/INFO] [minecraft/LoggerChunkProgressListener]: Preparing spawn area: 18%
[15:00:40] [Worker-Main-6/INFO] [minecraft/LoggerChunkProgressListener]: Preparing spawn area: 18%
[15:00:40] [Worker-Main-6/INFO] [minecraft/LoggerChunkProgressListener]: Preparing spawn area: 18%
[15:00:41] [Worker-Main-6/INFO] [minecraft/LoggerChunkProgressListener]: Preparing spawn area: 18%
[15:00:41] [Worker-Main-6/INFO] [minecraft/LoggerChunkProgressListener]: Preparing spawn area: 18%
[15:00:41] [Worker-Main-7/INFO] [minecraft/LoggerChunkProgressListener]: Preparing spawn area: 18%
[15:00:42] [Worker-Main-6/INFO] [minecraft/LoggerChunkProgressListener]: Preparing spawn area: 18%
[15:00:42] [Worker-Main-4/INFO] [minecraft/LoggerChunkProgressListener]: Preparing spawn area: 20%
[15:00:43] [Worker-Main-2/INFO] [minecraft/LoggerChunkProgressListener]: Preparing spawn area: 22%
[15:00:43] [Worker-Main-2/INFO] [minecraft/LoggerChunkProgressListener]: Preparing spawn area: 22%
[15:00:44] [Worker-Main-2/INFO] [minecraft/LoggerChunkProgressListener]: Preparing spawn area: 22%
[15:00:44] [Worker-Main-2/INFO] [minecraft/LoggerChunkProgressListener]: Preparing spawn area: 28%
[15:00:45] [Worker-Main-2/INFO] [minecraft/LoggerChunkProgressListener]: Preparing spawn area: 40%
[15:00:46] [Worker-Main-7/INFO] [minecraft/LoggerChunkProgressListener]: Preparing spawn area: 44%
[15:00:46] [Worker-Main-5/INFO] [minecraft/LoggerChunkProgressListener]: Preparing spawn area: 51%
[15:00:46] [Worker-Main-3/INFO] [minecraft/LoggerChunkProgressListener]: Preparing spawn area: 51%
[15:00:47] [Worker-Main-2/INFO] [minecraft/LoggerChunkProgressListener]: Preparing spawn area: 51%
[15:00:47] [Worker-Main-4/INFO] [minecraft/LoggerChunkProgressListener]: Preparing spawn area: 51%
[15:00:48] [Worker-Main-6/ERROR] [minecraft/BlockAttachedEntity]: Block-attached entity at invalid position: BlockPos{x=23, y=-37, z=8}
[15:00:48] [Worker-Main-2/INFO] [minecraft/LoggerChunkProgressListener]: Preparing spawn area: 51%
[15:00:48] [Worker-Main-2/ERROR] [minecraft/BlockAttachedEntity]: Block-attached entity at invalid position: BlockPos{x=15, y=-57, z=7}
[15:00:48] [Worker-Main-2/INFO] [minecraft/LoggerChunkProgressListener]: Preparing spawn area: 51%
[15:00:49] [Worker-Main-3/INFO] [minecraft/LoggerChunkProgressListener]: Preparing spawn area: 51%
[15:00:50] [Worker-Main-1/INFO] [minecraft/LoggerChunkProgressListener]: Preparing spawn area: 97%
[15:00:50] [Server thread/INFO] [minecraft/LoggerChunkProgressListener]: Time elapsed: 17844 ms
[15:00:50] [Server thread/INFO] [minecraft/DedicatedServer]: Done (43.849s)! For help, type "help"
[15:00:50] [Server thread/WARN] [minecraft/PathPackResources]: Non [a-z0-9_.-] character in namespace LICENSE in pack , ignoring
[15:00:50] [Server thread/WARN] [minecraft/PathPackResources]: Non [a-z0-9_.-] character in namespace LICENSE in pack , ignoring
[15:00:50] [Server thread/INFO] [ne.ne.ne.se.pe.PermissionAPI/]: Successfully initialized permission handler neoforge:default_handler
[15:00:50] [Server thread/INFO] [xa.ma.WorldMap/]: Registered synced player tracker system: ftb_teams
[15:00:50] [Server thread/INFO] [ne.ra.vi.ViaRomana/]: Starting Via Romana schedulers...
[15:00:50] [Server thread/INFO] [ne.ra.vi.ViaRomana/]: Scheduled map refreshing every 10 seconds.
[15:00:50] [Server thread/INFO] [ne.ra.vi.ViaRomana/]: Scheduled map saving every 5 minutes.
[15:00:50] [Server thread/INFO] [ne.ra.vi.ViaRomana/]: Loaded 0 biome-color pairs from config.
[15:00:50] [Server thread/INFO] [FTB Quests/]: Loading quests from C:\Users\Windows\Documents\Codex\2026-07-10\goa\tmp\vvh-server-work-final4-20260808\server\config\ftbquests\quests
[15:00:50] [Server thread/INFO] [FTB Quests/]: loaded translation tables for 1 language(s)
[15:00:50] [Server thread/INFO] [FTB Quests/]: Loaded 2 chapter groups, 14 chapters, 113 quests, 6 reward tables
[15:00:50] [Server thread/INFO] [underlay/]: Loading overlays for world: minecraft:overworld
[15:00:50] [Server thread/INFO] [underlay/]: No existing overlay save file found
[15:00:50] [Server thread/INFO] [underlay/]: Loaded 0 overlays for dimension minecraft:overworld
[15:00:50] [Server thread/INFO] [underlay/]: Loading overlays for world: minecraft:the_end
[15:00:50] [Server thread/INFO] [underlay/]: No existing overlay save file found
[15:00:50] [Server thread/INFO] [underlay/]: Loaded 0 overlays for dimension minecraft:the_end
[15:00:50] [Server thread/INFO] [underlay/]: Loading overlays for world: minecraft:the_nether
[15:00:50] [Server thread/INFO] [underlay/]: No existing overlay save file found
[15:00:50] [Server thread/INFO] [underlay/]: Loaded 0 overlays for dimension minecraft:the_nether
[15:00:50] [Server thread/INFO] [underlay/]: Loading overlays for world: irons_spellbooks:pocket_dimension
[15:00:50] [Server thread/INFO] [underlay/]: No existing overlay save file found
[15:00:50] [Server thread/INFO] [underlay/]: Loaded 0 overlays for dimension irons_spellbooks:pocket_dimension
[15:00:51] [Server thread/INFO] [de.ry.sa.Sable/]: Creating physics pipeline for ResourceKey[minecraft:dimension / minecraft:server_faucet_test_level] using RapierPhysicsPipelineProvider
[2026-08-08T22:00:51.097437800Z] [[32mINFO[0m] (sable_rapier) Rapier scene initialized
[15:00:51] [Server thread/INFO] [de.ry.sa.Sable/]: Creating physics pipeline for ResourceKey[minecraft:dimension / minecraft:server_projectile_test_level] using RapierPhysicsPipelineProvider
[2026-08-08T22:00:51.688703900Z] [[32mINFO[0m] (sable_rapier) Rapier scene initialized
[15:00:53] [Server thread/WARN] [ChunkyBorder/]: No saved borders found.
[15:00:53] [Server thread/WARN] [ModernFix/]: Dedicated server took 189.118 seconds to load
[15:00:53] [Server thread/INFO] [neruina/]: Auto report config loaded for mod: "copycats"
[15:00:53] [Server thread/INFO] [neruina/]: No blacklist files found, skipping blacklist loading
[15:00:54] [Server thread/INFO] [FTB Quests/]: Loading quests from C:\Users\Windows\Documents\Codex\2026-07-10\goa\tmp\vvh-server-work-final4-20260808\server\config\ftbquests\quests
[15:00:54] [Server thread/INFO] [FTB Quests/]: loaded translation tables for 1 language(s)
[15:00:54] [Server thread/INFO] [FTB Quests/]: Loaded 2 chapter groups, 14 chapters, 113 quests, 6 reward tables
[15:00:54] [Server thread/INFO] [minecraft/MinecraftServer]: Quest and progression data reloaded from file!
[15:00:54] [Server thread/INFO] [minecraft/MinecraftServer]: Note: Quest reloading is a quest developer convenience tool and not recommended for use on live servers.
[15:01:14] [Server thread/INFO] [minecraft/MinecraftServer]: There are 0 of a max of 4 players online: 
[15:01:19] [Server thread/INFO] [minecraft/MinecraftServer]: Stopping the server
[15:01:20] [Server thread/INFO] [ne.ra.vi.ViaRomana/]: Via Romana schedulers shut down.
[15:01:20] [level shutdown/INFO] [Di.se.di.co.ge.qu.WorldGenerationQueue/]: Closing world gen queue
[15:01:20] [level shutdown/INFO] [Di.se.di.co.ge.qu.WorldGenerationQueue/]: Closing world gen queue
[15:01:20] [level shutdown/INFO] [Di.se.di.co.ge.qu.WorldGenerationQueue/]: Closing world gen queue
[15:01:20] [level shutdown/INFO] [Di.se.di.co.ge.qu.WorldGenerationQueue/]: Closing world gen queue
[15:01:20] [level shutdown/INFO] [Di.se.di.co.ge.qu.WorldGenerationQueue/]: Closing WorldGenerationQueue...
[15:01:20] [level shutdown/INFO] [Di.se.di.co.ge.qu.WorldGenerationQueue/]: Closing WorldGenerationQueue...
[15:01:20] [level shutdown/INFO] [Di.se.di.co.ge.qu.WorldGenerationQueue/]: Closing WorldGenerationQueue...
[15:01:20] [level shutdown/INFO] [Di.se.di.co.ge.qu.WorldGenerationQueue/]: Closing WorldGenerationQueue...
[15:01:20] [level shutdown/INFO] [Di.se.di.co.ge.qu.WorldGenerationQueue/]: Shutting down world generator thread pool...
[15:01:20] [level shutdown/INFO] [Di.se.di.co.ge.qu.WorldGenerationQueue/]: Shutting down world generator thread pool...
[15:01:20] [level shutdown/INFO] [Di.se.di.co.ge.qu.WorldGenerationQueue/]: Shutting down world generator thread pool...
[15:01:20] [level shutdown/INFO] [Di.se.di.co.ge.qu.WorldGenerationQueue/]: Shutting down world generator thread pool...
[15:01:20] [level shutdown/INFO] [Di.se.di.co.ge.qu.WorldGenerationQueue/]: World generator thread pool shutdown with [0] incomplete tasks.
[15:01:20] [level shutdown/INFO] [Di.se.di.co.ge.qu.WorldGenerationQueue/]: World generator thread pool shutdown with [0] incomplete tasks.
[15:01:20] [level shutdown/INFO] [Di.se.di.co.ge.qu.WorldGenerationQueue/]: World generator thread pool shutdown with [0] incomplete tasks.
[15:01:20] [level shutdown/INFO] [Di.se.di.co.ge.qu.WorldGenerationQueue/]: World generator thread pool shutdown with [0] incomplete tasks.
[15:01:20] [level shutdown/INFO] [Di.se.di.co.ge.BatchGenerator/]: [BatchGenerator] shutting down...
[15:01:20] [level shutdown/INFO] [Di.se.di.co.ge.BatchGenerator/]: [BatchGenerator] shutting down...
[15:01:20] [level shutdown/INFO] [Di.se.di.co.ge.BatchGenerator/]: [BatchGenerator] shutting down...
[15:01:20] [level shutdown/INFO] [Di.se.di.co.ge.BatchGenerator/]: [BatchGenerator] shutting down...
[15:01:20] [level shutdown/INFO] [DistantHorizons-LOD World Gen/]: Closing [BatchGenerationEnvironment_neoforge]
[15:01:20] [level shutdown/INFO] [DistantHorizons-LOD World Gen/]: Closing [BatchGenerationEnvironment_neoforge]
[15:01:20] [level shutdown/INFO] [DistantHorizons-LOD World Gen/]: Closing [BatchGenerationEnvironment_neoforge]
[15:01:20] [level shutdown/INFO] [DistantHorizons-LOD World Gen/]: Closing [BatchGenerationEnvironment_neoforge]
[15:01:20] [level shutdown/INFO] [Di.se.di.co.ge.qu.WorldGenerationQueue/]: Finished closing WorldGenerationQueue
[15:01:20] [level shutdown/INFO] [Di.se.di.co.ge.qu.WorldGenerationQueue/]: Finished closing WorldGenerationQueue
[15:01:20] [level shutdown/INFO] [Di.se.di.co.ge.qu.WorldGenerationQueue/]: Finished closing WorldGenerationQueue
[15:01:20] [level shutdown/INFO] [Di.se.di.co.ge.qu.WorldGenerationQueue/]: Finished closing WorldGenerationQueue
[15:01:20] [level shutdown/INFO] [Di.se.di.co.le.AbstractDhServerLevel/]: Closed DHLevel for [Wrapped{ServerLevel[vvh-ci-world]@minecraft:the_nether}].
[15:01:20] [level shutdown/INFO] [Di.se.di.co.le.AbstractDhServerLevel/]: Closed DHLevel for [Wrapped{ServerLevel[vvh-ci-world]@irons_spellbooks:pocket_dimension}].
[15:01:20] [level shutdown/INFO] [Di.se.di.co.le.AbstractDhServerLevel/]: Closed DHLevel for [Wrapped{ServerLevel[vvh-ci-world]@minecraft:overworld}].
[15:01:20] [level shutdown/INFO] [Di.se.di.co.le.AbstractDhServerLevel/]: Closed DHLevel for [Wrapped{ServerLevel[vvh-ci-world]@minecraft:the_end}].
[15:01:20] [Server thread/INFO] [Di.se.di.co.wo.AbstractDhWorld/]: Closed DhWorld of type [SERVER_ONLY].
[15:01:20] [Server thread/INFO] [Di.se.di.co.wo.AbstractDhWorld/]: Closed DhWorld of type [SERVER_ONLY].
[15:01:20] [Server thread/INFO] [Di.se.di.co.ut.th.PriorityTaskPicker/]: Shutting down PriorityTaskPicker thread pool...
[15:01:20] [Server thread/INFO] [Di.se.di.co.sq.re.AbstractDhRepo/]: Closing all [4] database connections...
[15:01:20] [Server thread/INFO] [Di.se.di.co.sq.re.AbstractDhRepo/]: Closing database connection: [jdbc:dh_sqlite:.\vvh-ci-world\dimensions\irons_spellbooks\pocket_dimension\data\DistantHorizons.sqlite]
[15:01:20] [Server thread/INFO] [Di.se.di.co.sq.re.AbstractDhRepo/]: Closing database connection: [jdbc:dh_sqlite:.\vvh-ci-world\DIM-1\data\DistantHorizons.sqlite]
[15:01:20] [Server thread/INFO] [Di.se.di.co.sq.re.AbstractDhRepo/]: Closing database connection: [jdbc:dh_sqlite:.\vvh-ci-world\DIM1\data\DistantHorizons.sqlite]
[15:01:20] [Server thread/INFO] [Di.se.di.co.sq.re.AbstractDhRepo/]: Closing database connection: [jdbc:dh_sqlite:.\vvh-ci-world\data\DistantHorizons.sqlite]
[15:01:20] [Server thread/INFO] [minecraft/MinecraftServer]: Stopping server
[15:01:20] [Server thread/INFO] [minecraft/MinecraftServer]: Saving players
[15:01:20] [Server thread/INFO] [minecraft/MinecraftServer]: Saving worlds
[15:01:21] [Server thread/INFO] [minecraft/MinecraftServer]: Saving chunks for level 'ServerLevel[vvh-ci-world]'/minecraft:overworld
[15:01:21] [Server thread/INFO] [de.ry.sa.Sable/]: Saving sub-levels for level 'ServerLevel[vvh-ci-world]'/minecraft:overworld
[15:01:22] [Server thread/INFO] [minecraft/MinecraftServer]: Saving chunks for level 'ServerLevel[vvh-ci-world]'/minecraft:the_end
[15:01:22] [Server thread/INFO] [de.ry.sa.Sable/]: Saving sub-levels for level 'ServerLevel[vvh-ci-world]'/minecraft:the_end
[15:01:22] [Server thread/INFO] [minecraft/MinecraftServer]: Saving chunks for level 'ServerLevel[vvh-ci-world]'/minecraft:the_nether
[15:01:22] [Server thread/INFO] [de.ry.sa.Sable/]: Saving sub-levels for level 'ServerLevel[vvh-ci-world]'/minecraft:the_nether
[15:01:22] [Server thread/INFO] [minecraft/MinecraftServer]: Saving chunks for level 'ServerLevel[vvh-ci-world]'/irons_spellbooks:pocket_dimension
[15:01:22] [Server thread/INFO] [de.ry.sa.Sable/]: Saving sub-levels for level 'ServerLevel[vvh-ci-world]'/irons_spellbooks:pocket_dimension
[15:01:22] [Server thread/INFO] [minecraft/MinecraftServer]: ThreadedAnvilChunkStorage (vvh-ci-world): All chunks are saved
[15:01:22] [Server thread/INFO] [minecraft/MinecraftServer]: ThreadedAnvilChunkStorage (DIM1): All chunks are saved
[15:01:22] [Server thread/INFO] [minecraft/MinecraftServer]: ThreadedAnvilChunkStorage (DIM-1): All chunks are saved
[15:01:22] [Server thread/INFO] [minecraft/MinecraftServer]: ThreadedAnvilChunkStorage (pocket_dimension): All chunks are saved
[15:01:22] [Server thread/INFO] [minecraft/MinecraftServer]: ThreadedAnvilChunkStorage: All dimensions are saved
[15:01:22] [Server thread/INFO] [Puzzles Lib/]: Dispatching unloading event for config enchantinginfuser-server.toml
